order_id,date,item_name,item_type,item_price,total_quantity,transaction_amount,transaction_type,received_by,time_of_sale,day_of_week,is_weekend,is_festival
691,01-04-2022,Sandwich,Fastfood,60,7,420,Cash,Mrs.,Evening,Friday,0,0
623,02-04-2022,Cold coffee,Beverages,40,15,600,Cash,Mr.,Midnight,Saturday,1,0
572,02-04-2022,Sandwich,Fastfood,60,15,900,Cash,Mr.,Afternoon,Saturday,1,0
520,03-04-2022,Panipuri,Fastfood,20,11,220,Online,Mrs.,Night,Sunday,1,0
413,03-04-2022,Aalopuri,Fastfood,20,10,200,Online,Mrs.,Midnight,Sunday,1,0
394,03-04-2022,Sandwich,Fastfood,60,1,60,Cash,Mrs.,Morning,Sunday,1,0
605,04-04-2022,Cold coffee,Beverages,40,15,600,Unknown,Mrs.,Afternoon,Monday,0,0
510,04-04-2022,Sandwich,Fastfood,60,14,840,Online,Mr.,Afternoon,Monday,0,0
334,04-04-2022,Cold coffee,Beverages,40,4,160,Cash,Mrs.,Evening,Monday,0,0
906,04-04-2022,Sandwich,Fastfood,60,15,900,Cash,Mr.,Afternoon,Monday,0,0
66,05-04-2022,Frankie,Fastfood,50,2,100,Cash,Mrs.,Morning,Tuesday,0,0
650,07-04-2022,Sandwich,Fastfood,60,13,780,Online,Mrs.,Morning,Thursday,0,0
928,07-04-2022,Sandwich,Fastfood,60,11,660,Online,Mr.,Evening,Thursday,0,0
791,07-04-2022,Vadapav,Fastfood,20,3,60,Unknown,Mr.,Midnight,Thursday,0,0
500,08-04-2022,Vadapav,Fastfood,20,4,80,Online,Mrs.,Midnight,Friday,0,0
618,08-04-2022,Frankie,Fastfood,50,1,50,Online,Mr.,Evening,Friday,0,0
126,08-04-2022,Panipuri,Fastfood,20,11,220,Online,Mrs.,Night,Friday,0,0
587,09-04-2022,Aalopuri,Fastfood,20,10,200,Cash,Mrs.,Night,Saturday,1,0
606,09-04-2022,Cold coffee,Beverages,40,6,240,Cash,Mrs.,Night,Saturday,1,0
762,09-04-2022,Vadapav,Fastfood,20,12,240,Online,Mrs.,Midnight,Saturday,1,0
911,09-04-2022,Sandwich,Fastfood,60,1,60,Cash,Mr.,Evening,Saturday,1,0
543,10-04-2022,Aalopuri,Fastfood,20,15,300,Cash,Mrs.,Evening,Sunday,1,0
925,10-04-2022,Frankie,Fastfood,50,4,200,Online,Mrs.,Afternoon,Sunday,1,0
125,10-04-2022,Vadapav,Fastfood,20,7,140,Cash,Mrs.,Midnight,Sunday,1,0
203,11-04-2022,Vadapav,Fastfood,20,6,120,Online,Mrs.,Midnight,Monday,0,0
715,12-04-2022,Sandwich,Fastfood,60,1,60,Online,Mr.,Morning,Tuesday,0,0
889,12-04-2022,Vadapav,Fastfood,20,10,200,Online,Mr.,Midnight,Tuesday,0,0
16,14-04-2022,Sandwich,Fastfood,60,11,660,Unknown,Mrs.,Midnight,Thursday,0,0
549,15-04-2022,Sugarcane juice,Beverages,25,3,75,Online,Mr.,Afternoon,Friday,0,0
231,16-04-2022,Sugarcane juice,Beverages,25,3,75,Unknown,Mr.,Night,Saturday,1,0
555,16-04-2022,Sandwich,Fastfood,60,6,360,Cash,Mrs.,Evening,Saturday,1,0
230,16-04-2022,Frankie,Fastfood,50,6,300,Online,Mr.,Afternoon,Saturday,1,0
248,17-04-2022,Frankie,Fastfood,50,5,250,Online,Mrs.,Midnight,Sunday,1,0
675,17-04-2022,Sandwich,Fastfood,60,12,720,Cash,Mr.,Night,Sunday,1,0
976,17-04-2022,Sugarcane juice,Beverages,25,11,275,Unknown,Mrs.,Morning,Sunday,1,0
211,18-04-2022,Aalopuri,Fastfood,20,12,240,Cash,Mr.,Morning,Monday,0,0
313,19-04-2022,Cold coffee,Beverages,40,1,40,Cash,Mr.,Midnight,Tuesday,0,0
168,19-04-2022,Sandwich,Fastfood,60,4,240,Cash,Mrs.,Midnight,Tuesday,0,0
815,20-04-2022,Cold coffee,Beverages,40,12,480,Online,Mrs.,Afternoon,Wednesday,0,0
680,20-04-2022,Cold coffee,Beverages,40,4,160,Cash,Mr.,Night,Wednesday,0,0
846,20-04-2022,Aalopuri,Fastfood,20,5,100,Online,Mr.,Afternoon,Wednesday,0,0
391,21-04-2022,Aalopuri,Fastfood,20,1,20,Online,Mrs.,Night,Thursday,0,0
424,21-04-2022,Sugarcane juice,Beverages,25,9,225,Online,Mrs.,Midnight,Thursday,0,0
293,21-04-2022,Panipuri,Fastfood,20,8,160,Online,Mrs.,Morning,Thursday,0,0
694,22-04-2022,Panipuri,Fastfood,20,14,280,Cash,Mr.,Midnight,Friday,0,0
882,23-04-2022,Panipuri,Fastfood,20,9,180,Online,Mr.,Morning,Saturday,1,0
195,23-04-2022,Sandwich,Fastfood,60,4,240,Cash,Mrs.,Night,Saturday,1,0
581,23-04-2022,Sugarcane juice,Beverages,25,13,325,Cash,Mr.,Afternoon,Saturday,1,0
232,23-04-2022,Vadapav,Fastfood,20,13,260,Cash,Mrs.,Night,Saturday,1,0
462,24-04-2022,Vadapav,Fastfood,20,3,60,Cash,Mr.,Morning,Sunday,1,0
378,24-04-2022,Vadapav,Fastfood,20,2,40,Cash,Mrs.,Midnight,Sunday,1,0
122,24-04-2022,Panipuri,Fastfood,20,3,60,Unknown,Mrs.,Night,Sunday,1,0
385,25-04-2022,Vadapav,Fastfood,20,5,100,Cash,Mr.,Morning,Monday,0,0
310,25-04-2022,Vadapav,Fastfood,20,4,80,Cash,Mr.,Afternoon,Monday,0,0
636,26-04-2022,Cold coffee,Beverages,40,12,480,Unknown,Mr.,Morning,Tuesday,0,0
238,26-04-2022,Vadapav,Fastfood,20,13,260,Cash,Mr.,Morning,Tuesday,0,0
596,26-04-2022,Cold coffee,Beverages,40,1,40,Online,Mrs.,Night,Tuesday,0,0
190,26-04-2022,Cold coffee,Beverages,40,1,40,Online,Mr.,Evening,Tuesday,0,0
483,27-04-2022,Panipuri,Fastfood,20,9,180,Cash,Mrs.,Morning,Wednesday,0,0
579,27-04-2022,Panipuri,Fastfood,20,2,40,Cash,Mr.,Evening,Wednesday,0,0
801,28-04-2022,Aalopuri,Fastfood,20,7,140,Cash,Mrs.,Evening,Thursday,0,0
783,29-04-2022,Aalopuri,Fastfood,20,8,160,Cash,Mr.,Morning,Friday,0,0
956,30-04-2022,Frankie,Fastfood,50,13,650,Online,Mr.,Morning,Saturday,1,0
297,30-04-2022,Sandwich,Fastfood,60,10,600,Online,Mr.,Evening,Saturday,1,0
986,30-04-2022,Sugarcane juice,Beverages,25,13,325,Online,Mr.,Night,Saturday,1,0
255,30-04-2022,Vadapav,Fastfood,20,7,140,Unknown,Mrs.,Afternoon,Saturday,1,0
524,01-05-2022,Aalopuri,Fastfood,20,13,260,Online,Mr.,Afternoon,Sunday,1,0
628,02-05-2022,Cold coffee,Beverages,40,10,400,Unknown,Mrs.,Night,Monday,0,0
271,03-05-2022,Vadapav,Fastfood,20,13,260,Cash,Mr.,Evening,Tuesday,0,0
7,03-05-2022,Sugarcane juice,Beverages,25,9,225,Cash,Mr.,Evening,Tuesday,0,0
326,03-05-2022,Sandwich,Fastfood,60,8,480,Cash,Mr.,Evening,Tuesday,0,0
290,03-05-2022,Panipuri,Fastfood,20,7,140,Cash,Mrs.,Morning,Tuesday,0,0
676,04-05-2022,Frankie,Fastfood,50,7,350,Cash,Mrs.,Evening,Wednesday,0,0
844,04-05-2022,Sugarcane juice,Beverages,25,13,325,Cash,Mr.,Morning,Wednesday,0,0
856,04-05-2022,Aalopuri,Fastfood,20,11,220,Cash,Mrs.,Night,Wednesday,0,0
525,04-05-2022,Vadapav,Fastfood,20,3,60,Cash,Mr.,Midnight,Wednesday,0,0
697,05-05-2022,Sugarcane juice,Beverages,25,5,125,Cash,Mr.,Midnight,Thursday,0,0
852,05-05-2022,Sugarcane juice,Beverages,25,8,200,Online,Mr.,Night,Thursday,0,0
322,05-05-2022,Cold coffee,Beverages,40,11,440,Cash,Mr.,Morning,Thursday,0,0
212,05-05-2022,Cold coffee,Beverages,40,12,480,Online,Mrs.,Morning,Thursday,0,0
665,06-05-2022,Aalopuri,Fastfood,20,14,280,Online,Mrs.,Evening,Friday,0,0
383,06-05-2022,Aalopuri,Fastfood,20,7,140,Online,Mrs.,Morning,Friday,0,0
338,06-05-2022,Sugarcane juice,Beverages,25,12,300,Cash,Mr.,Morning,Friday,0,0
32,06-05-2022,Aalopuri,Fastfood,20,4,80,Unknown,Mr.,Morning,Friday,0,0
162,07-05-2022,Aalopuri,Fastfood,20,11,220,Cash,Mr.,Midnight,Saturday,1,0
55,07-05-2022,Sandwich,Fastfood,60,10,600,Cash,Mr.,Night,Saturday,1,0
46,07-05-2022,Vadapav,Fastfood,20,7,140,Cash,Mr.,Evening,Saturday,1,0
964,07-05-2022,Cold coffee,Beverages,40,8,320,Cash,Mr.,Evening,Saturday,1,0
610,08-05-2022,Frankie,Fastfood,50,13,650,Online,Mrs.,Evening,Sunday,1,0
839,08-05-2022,Sugarcane juice,Beverages,25,4,100,Cash,Mrs.,Afternoon,Sunday,1,0
805,08-05-2022,Sugarcane juice,Beverages,25,1,25,Online,Mr.,Afternoon,Sunday,1,0
373,08-05-2022,Sugarcane juice,Beverages,25,12,300,Cash,Mrs.,Midnight,Sunday,1,0
435,08-05-2022,Sandwich,Fastfood,60,1,60,Cash,Mrs.,Afternoon,Sunday,1,0
100,08-05-2022,Panipuri,Fastfood,20,11,220,Unknown,Mr.,Morning,Sunday,1,0
874,09-05-2022,Cold coffee,Beverages,40,4,160,Cash,Mr.,Midnight,Monday,0,0
345,09-05-2022,Panipuri,Fastfood,20,14,280,Online,Mrs.,Night,Monday,0,0
42,09-05-2022,Aalopuri,Fastfood,20,8,160,Online,Mrs.,Night,Monday,0,0
363,09-05-2022,Frankie,Fastfood,50,9,450,Online,Mr.,Afternoon,Monday,0,0
719,09-05-2022,Vadapav,Fastfood,20,15,300,Cash,Mrs.,Midnight,Monday,0,0
873,09-05-2022,Sugarcane juice,Beverages,25,1,25,Online,Mr.,Night,Monday,0,0
70,09-05-2022,Cold coffee,Beverages,40,14,560,Unknown,Mrs.,Morning,Monday,0,0
642,09-05-2022,Cold coffee,Beverages,40,10,400,Online,Mrs.,Morning,Monday,0,0
720,10-05-2022,Frankie,Fastfood,50,14,700,Cash,Mrs.,Morning,Tuesday,0,0
668,11-05-2022,Aalopuri,Fastfood,20,4,80,Online,Mr.,Morning,Wednesday,0,0
119,12-05-2022,Panipuri,Fastfood,20,10,200,Cash,Mr.,Evening,Thursday,0,0
95,12-05-2022,Sugarcane juice,Beverages,25,8,200,Online,Mr.,Night,Thursday,0,0
944,12-05-2022,Aalopuri,Fastfood,20,2,40,Cash,Mr.,Midnight,Thursday,0,0
582,12-05-2022,Aalopuri,Fastfood,20,13,260,Cash,Mr.,Morning,Thursday,0,0
344,13-05-2022,Cold coffee,Beverages,40,14,560,Cash,Mr.,Night,Friday,0,0
220,13-05-2022,Sugarcane juice,Beverages,25,1,25,Cash,Mr.,Afternoon,Friday,0,0
92,13-05-2022,Aalopuri,Fastfood,20,15,300,Cash,Mr.,Afternoon,Friday,0,0
547,14-05-2022,Cold coffee,Beverages,40,10,400,Online,Mr.,Morning,Saturday,1,0
688,14-05-2022,Frankie,Fastfood,50,5,250,Online,Mr.,Afternoon,Saturday,1,0
39,14-05-2022,Vadapav,Fastfood,20,2,40,Online,Mr.,Evening,Saturday,1,0
637,14-05-2022,Aalopuri,Fastfood,20,7,140,Cash,Mr.,Midnight,Saturday,1,0
529,15-05-2022,Aalopuri,Fastfood,20,12,240,Unknown,Mrs.,Afternoon,Sunday,1,0
917,15-05-2022,Vadapav,Fastfood,20,15,300,Online,Mr.,Evening,Sunday,1,0
67,15-05-2022,Aalopuri,Fastfood,20,9,180,Cash,Mr.,Midnight,Sunday,1,0
945,15-05-2022,Cold coffee,Beverages,40,2,80,Online,Mrs.,Afternoon,Sunday,1,0
469,15-05-2022,Sandwich,Fastfood,60,7,420,Online,Mrs.,Morning,Sunday,1,0
158,16-05-2022,Aalopuri,Fastfood,20,2,40,Unknown,Mr.,Midnight,Monday,0,0
534,16-05-2022,Vadapav,Fastfood,20,2,40,Online,Mrs.,Night,Monday,0,0
51,16-05-2022,Frankie,Fastfood,50,15,750,Online,Mrs.,Morning,Monday,0,0
282,16-05-2022,Vadapav,Fastfood,20,13,260,Unknown,Mrs.,Morning,Monday,0,0
147,17-05-2022,Panipuri,Fastfood,20,7,140,Online,Mr.,Evening,Tuesday,0,0
962,18-05-2022,Frankie,Fastfood,50,13,650,Online,Mrs.,Afternoon,Wednesday,0,0
353,18-05-2022,Vadapav,Fastfood,20,4,80,Online,Mrs.,Midnight,Wednesday,0,0
837,19-05-2022,Aalopuri,Fastfood,20,7,140,Cash,Mr.,Midnight,Thursday,0,0
677,19-05-2022,Cold coffee,Beverages,40,3,120,Online,Mrs.,Morning,Thursday,0,0
450,20-05-2022,Sugarcane juice,Beverages,25,1,25,Online,Mr.,Morning,Friday,0,0
191,20-05-2022,Sugarcane juice,Beverages,25,14,350,Cash,Mrs.,Morning,Friday,0,0
685,20-05-2022,Aalopuri,Fastfood,20,3,60,Cash,Mrs.,Afternoon,Friday,0,0
377,20-05-2022,Sugarcane juice,Beverages,25,3,75,Online,Mrs.,Evening,Friday,0,0
652,21-05-2022,Cold coffee,Beverages,40,13,520,Online,Mrs.,Afternoon,Saturday,1,0
817,21-05-2022,Aalopuri,Fastfood,20,12,240,Cash,Mrs.,Evening,Saturday,1,0
979,21-05-2022,Aalopuri,Fastfood,20,13,260,Cash,Mrs.,Midnight,Saturday,1,0
427,21-05-2022,Sandwich,Fastfood,60,2,120,Online,Mr.,Afternoon,Saturday,1,0
798,22-05-2022,Frankie,Fastfood,50,12,600,Unknown,Mr.,Night,Sunday,1,0
586,22-05-2022,Sandwich,Fastfood,60,15,900,Online,Mr.,Night,Sunday,1,0
35,22-05-2022,Vadapav,Fastfood,20,8,160,Cash,Mr.,Morning,Sunday,1,0
958,22-05-2022,Sandwich,Fastfood,60,11,660,Online,Mrs.,Night,Sunday,1,0
806,23-05-2022,Vadapav,Fastfood,20,3,60,Online,Mr.,Evening,Monday,0,0
678,23-05-2022,Aalopuri,Fastfood,20,3,60,Online,Mr.,Evening,Monday,0,0
80,24-05-2022,Frankie,Fastfood,50,13,650,Cash,Mr.,Evening,Tuesday,0,0
633,24-05-2022,Cold coffee,Beverages,40,3,120,Online,Mr.,Evening,Tuesday,0,0
842,25-05-2022,Panipuri,Fastfood,20,2,40,Cash,Mrs.,Evening,Wednesday,0,0
834,25-05-2022,Sugarcane juice,Beverages,25,14,350,Cash,Mr.,Evening,Wednesday,0,0
881,25-05-2022,Sandwich,Fastfood,60,2,120,Cash,Mr.,Midnight,Wednesday,0,0
352,25-05-2022,Frankie,Fastfood,50,11,550,Cash,Mrs.,Night,Wednesday,0,0
356,26-05-2022,Sugarcane juice,Beverages,25,14,350,Cash,Mrs.,Night,Thursday,0,0
43,26-05-2022,Vadapav,Fastfood,20,1,20,Cash,Mr.,Night,Thursday,0,0
23,26-05-2022,Sandwich,Fastfood,60,3,180,Online,Mr.,Midnight,Thursday,0,0
781,27-05-2022,Aalopuri,Fastfood,20,10,200,Online,Mr.,Midnight,Friday,0,0
433,27-05-2022,Panipuri,Fastfood,20,14,280,Online,Mrs.,Evening,Friday,0,0
487,27-05-2022,Sandwich,Fastfood,60,9,540,Cash,Mrs.,Midnight,Friday,0,0
648,27-05-2022,Sandwich,Fastfood,60,7,420,Cash,Mr.,Night,Friday,0,0
540,27-05-2022,Vadapav,Fastfood,20,13,260,Cash,Mr.,Afternoon,Friday,0,0
630,27-05-2022,Frankie,Fastfood,50,7,350,Unknown,Mrs.,Morning,Friday,0,0
304,28-05-2022,Vadapav,Fastfood,20,15,300,Online,Mr.,Morning,Saturday,1,0
370,28-05-2022,Panipuri,Fastfood,20,5,100,Unknown,Mrs.,Midnight,Saturday,1,0
1000,29-05-2022,Aalopuri,Fastfood,20,3,60,Online,Mrs.,Midnight,Sunday,1,0
87,29-05-2022,Aalopuri,Fastfood,20,8,160,Cash,Mr.,Night,Sunday,1,0
923,30-05-2022,Cold coffee,Beverages,40,3,120,Online,Mr.,Morning,Monday,0,0
653,30-05-2022,Frankie,Fastfood,50,10,500,Online,Mrs.,Midnight,Monday,0,0
491,31-05-2022,Vadapav,Fastfood,20,2,40,Online,Mrs.,Midnight,Tuesday,0,0
583,31-05-2022,Frankie,Fastfood,50,8,400,Cash,Mr.,Night,Tuesday,0,0
166,01-06-2022,Panipuri,Fastfood,20,6,120,Cash,Mrs.,Evening,Wednesday,0,0
340,02-06-2022,Cold coffee,Beverages,40,4,160,Cash,Mrs.,Evening,Thursday,0,0
752,04-06-2022,Panipuri,Fastfood,20,2,40,Online,Mrs.,Morning,Saturday,1,0
647,05-06-2022,Vadapav,Fastfood,20,3,60,Cash,Mr.,Afternoon,Sunday,1,0
538,05-06-2022,Panipuri,Fastfood,20,7,140,Online,Mr.,Morning,Sunday,1,0
241,06-06-2022,Sugarcane juice,Beverages,25,2,50,Cash,Mr.,Afternoon,Monday,0,0
739,06-06-2022,Aalopuri,Fastfood,20,11,220,Online,Mr.,Night,Monday,0,0
929,06-06-2022,Frankie,Fastfood,50,9,450,Online,Mrs.,Night,Monday,0,0
832,06-06-2022,Sugarcane juice,Beverages,25,4,100,Cash,Mr.,Morning,Monday,0,0
973,07-06-2022,Sugarcane juice,Beverages,25,1,25,Unknown,Mrs.,Morning,Tuesday,0,0
769,07-06-2022,Frankie,Fastfood,50,8,400,Cash,Mr.,Morning,Tuesday,0,0
459,08-06-2022,Vadapav,Fastfood,20,14,280,Cash,Mr.,Night,Wednesday,0,0
123,09-06-2022,Cold coffee,Beverages,40,6,240,Online,Mr.,Evening,Thursday,0,0
181,09-06-2022,Cold coffee,Beverages,40,7,280,Cash,Mrs.,Night,Thursday,0,0
876,10-06-2022,Cold coffee,Beverages,40,8,320,Online,Mrs.,Evening,Friday,0,0
9,10-06-2022,Panipuri,Fastfood,20,1,20,Cash,Mrs.,Morning,Friday,0,0
613,10-06-2022,Vadapav,Fastfood,20,5,100,Online,Mrs.,Night,Friday,0,0
463,11-06-2022,Sandwich,Fastfood,60,6,360,Online,Mr.,Midnight,Saturday,1,0
778,11-06-2022,Frankie,Fastfood,50,13,650,Cash,Mr.,Evening,Saturday,1,0
60,11-06-2022,Cold coffee,Beverages,40,2,80,Online,Mr.,Night,Saturday,1,0
140,12-06-2022,Frankie,Fastfood,50,13,650,Cash,Mr.,Night,Sunday,1,0
922,13-06-2022,Frankie,Fastfood,50,5,250,Online,Mrs.,Evening,Monday,0,0
561,13-06-2022,Panipuri,Fastfood,20,1,20,Cash,Mrs.,Midnight,Monday,0,0
732,13-06-2022,Panipuri,Fastfood,20,7,140,Unknown,Mrs.,Midnight,Monday,0,0
807,13-06-2022,Frankie,Fastfood,50,1,50,Online,Mrs.,Midnight,Monday,0,0
985,14-06-2022,Frankie,Fastfood,50,1,50,Cash,Mrs.,Afternoon,Tuesday,0,0
141,15-06-2022,Aalopuri,Fastfood,20,4,80,Unknown,Mr.,Evening,Wednesday,0,0
765,15-06-2022,Sandwich,Fastfood,60,13,780,Cash,Mr.,Night,Wednesday,0,0
498,16-06-2022,Frankie,Fastfood,50,1,50,Cash,Mr.,Midnight,Thursday,0,0
328,16-06-2022,Vadapav,Fastfood,20,3,60,Online,Mr.,Evening,Thursday,0,0
588,16-06-2022,Frankie,Fastfood,50,11,550,Cash,Mrs.,Morning,Thursday,0,0
822,17-06-2022,Panipuri,Fastfood,20,12,240,Online,Mr.,Morning,Friday,0,0
625,17-06-2022,Sandwich,Fastfood,60,15,900,Online,Mr.,Morning,Friday,0,0
390,18-06-2022,Sugarcane juice,Beverages,25,5,125,Unknown,Mr.,Midnight,Saturday,1,0
995,18-06-2022,Sugarcane juice,Beverages,25,1,25,Online,Mr.,Night,Saturday,1,0
253,18-06-2022,Sugarcane juice,Beverages,25,13,325,Online,Mr.,Afternoon,Saturday,1,0
766,19-06-2022,Sandwich,Fastfood,60,10,600,Online,Mrs.,Morning,Sunday,1,0
278,19-06-2022,Frankie,Fastfood,50,6,300,Online,Mrs.,Night,Sunday,1,0
263,19-06-2022,Panipuri,Fastfood,20,2,40,Cash,Mr.,Evening,Sunday,1,0
438,20-06-2022,Cold coffee,Beverages,40,5,200,Online,Mr.,Morning,Monday,0,0
980,20-06-2022,Vadapav,Fastfood,20,9,180,Online,Mr.,Morning,Monday,0,0
169,20-06-2022,Vadapav,Fastfood,20,6,120,Cash,Mr.,Morning,Monday,0,0
627,22-06-2022,Sugarcane juice,Beverages,25,15,375,Online,Mr.,Afternoon,Wednesday,0,0
937,22-06-2022,Panipuri,Fastfood,20,4,80,Cash,Mr.,Night,Wednesday,0,0
399,24-06-2022,Panipuri,Fastfood,20,9,180,Cash,Mrs.,Evening,Friday,0,0
347,24-06-2022,Frankie,Fastfood,50,7,350,Cash,Mrs.,Afternoon,Friday,0,0
880,25-06-2022,Sugarcane juice,Beverages,25,5,125,Cash,Mrs.,Morning,Saturday,1,0
796,25-06-2022,Sugarcane juice,Beverages,25,14,350,Online,Mr.,Night,Saturday,1,0
744,25-06-2022,Frankie,Fastfood,50,10,500,Cash,Mrs.,Morning,Saturday,1,0
196,25-06-2022,Sandwich,Fastfood,60,3,180,Cash,Mr.,Evening,Saturday,1,0
611,25-06-2022,Aalopuri,Fastfood,20,2,40,Online,Mrs.,Morning,Saturday,1,0
236,26-06-2022,Vadapav,Fastfood,20,12,240,Unknown,Mrs.,Evening,Sunday,1,0
753,26-06-2022,Sugarcane juice,Beverages,25,1,25,Cash,Mr.,Midnight,Sunday,1,0
931,26-06-2022,Aalopuri,Fastfood,20,15,300,Cash,Mr.,Afternoon,Sunday,1,0
869,26-06-2022,Panipuri,Fastfood,20,9,180,Online,Mr.,Midnight,Sunday,1,0
300,27-06-2022,Aalopuri,Fastfood,20,8,160,Cash,Mr.,Afternoon,Monday,0,0
724,27-06-2022,Frankie,Fastfood,50,10,500,Cash,Mrs.,Night,Monday,0,0
285,28-06-2022,Aalopuri,Fastfood,20,3,60,Unknown,Mr.,Night,Tuesday,0,0
617,28-06-2022,Sugarcane juice,Beverages,25,2,50,Cash,Mr.,Night,Tuesday,0,0
730,28-06-2022,Frankie,Fastfood,50,13,650,Cash,Mrs.,Afternoon,Tuesday,0,0
967,29-06-2022,Cold coffee,Beverages,40,14,560,Cash,Mr.,Afternoon,Wednesday,0,0
943,30-06-2022,Vadapav,Fastfood,20,6,120,Cash,Mrs.,Night,Thursday,0,0
361,30-06-2022,Sandwich,Fastfood,60,15,900,Unknown,Mrs.,Night,Thursday,0,0
319,30-06-2022,Frankie,Fastfood,50,15,750,Cash,Mr.,Afternoon,Thursday,0,0
655,30-06-2022,Sugarcane juice,Beverages,25,12,300,Online,Mr.,Morning,Thursday,0,0
557,30-06-2022,Sandwich,Fastfood,60,2,120,Cash,Mrs.,Evening,Thursday,0,0
578,30-06-2022,Frankie,Fastfood,50,5,250,Online,Mrs.,Night,Thursday,0,0
201,30-06-2022,Panipuri,Fastfood,20,8,160,Cash,Mr.,Morning,Thursday,0,0
845,01-07-2022,Cold coffee,Beverages,40,6,240,Online,Mrs.,Evening,Friday,0,0
528,01-07-2022,Sugarcane juice,Beverages,25,7,175,Cash,Mrs.,Midnight,Friday,0,0
580,01-07-2022,Panipuri,Fastfood,20,10,200,Online,Mr.,Night,Friday,0,0
59,01-07-2022,Vadapav,Fastfood,20,5,100,Cash,Mr.,Morning,Friday,0,0
631,01-07-2022,Cold coffee,Beverages,40,13,520,Cash,Mrs.,Evening,Friday,0,0
393,02-07-2022,Sugarcane juice,Beverages,25,10,250,Online,Mrs.,Evening,Saturday,1,0
182,02-07-2022,Cold coffee,Beverages,40,1,40,Cash,Mr.,Midnight,Saturday,1,0
36,02-07-2022,Cold coffee,Beverages,40,10,400,Online,Mr.,Afternoon,Saturday,1,0
517,02-07-2022,Panipuri,Fastfood,20,13,260,Online,Mr.,Evening,Saturday,1,0
303,02-07-2022,Sugarcane juice,Beverages,25,1,25,Cash,Mrs.,Midnight,Saturday,1,0
283,02-07-2022,Panipuri,Fastfood,20,2,40,Cash,Mrs.,Midnight,Saturday,1,0
93,03-07-2022,Cold coffee,Beverages,40,2,80,Online,Mrs.,Midnight,Sunday,1,0
369,03-07-2022,Sandwich,Fastfood,60,2,120,Online,Mrs.,Evening,Sunday,1,0
1,03-07-2022,Aalopuri,Fastfood,20,13,260,Unknown,Mr.,Night,Sunday,1,0
763,04-07-2022,Vadapav,Fastfood,20,14,280,Unknown,Mrs.,Night,Monday,0,0
843,04-07-2022,Sugarcane juice,Beverages,25,1,25,Cash,Mrs.,Morning,Monday,0,0
526,04-07-2022,Sandwich,Fastfood,60,10,600,Cash,Mrs.,Evening,Monday,0,0
725,04-07-2022,Vadapav,Fastfood,20,6,120,Online,Mrs.,Afternoon,Monday,0,0
670,05-07-2022,Panipuri,Fastfood,20,15,300,Cash,Mr.,Night,Tuesday,0,0
118,06-07-2022,Sandwich,Fastfood,60,1,60,Online,Mr.,Midnight,Wednesday,0,0
397,06-07-2022,Aalopuri,Fastfood,20,2,40,Online,Mrs.,Afternoon,Wednesday,0,0
88,07-07-2022,Cold coffee,Beverages,40,10,400,Cash,Mr.,Evening,Thursday,0,0
365,08-07-2022,Panipuri,Fastfood,20,10,200,Online,Mr.,Night,Friday,0,0
351,08-07-2022,Frankie,Fastfood,50,5,250,Online,Mrs.,Night,Friday,0,0
546,09-07-2022,Aalopuri,Fastfood,20,1,20,Cash,Mrs.,Midnight,Saturday,1,0
784,09-07-2022,Vadapav,Fastfood,20,8,160,Cash,Mrs.,Morning,Saturday,1,0
151,10-07-2022,Frankie,Fastfood,50,13,650,Online,Mrs.,Morning,Sunday,1,0
120,10-07-2022,Frankie,Fastfood,50,2,100,Cash,Mrs.,Evening,Sunday,1,0
47,10-07-2022,Sandwich,Fastfood,60,7,420,Unknown,Mr.,Morning,Sunday,1,0
183,10-07-2022,Sugarcane juice,Beverages,25,5,125,Cash,Mrs.,Midnight,Sunday,1,0
651,11-07-2022,Sandwich,Fastfood,60,10,600,Online,Mrs.,Midnight,Monday,0,0
492,11-07-2022,Sandwich,Fastfood,60,15,900,Cash,Mr.,Afternoon,Monday,0,0
12,12-07-2022,Vadapav,Fastfood,20,8,160,Online,Mrs.,Night,Tuesday,0,0
920,12-07-2022,Frankie,Fastfood,50,13,650,Online,Mr.,Evening,Tuesday,0,0
893,13-07-2022,Sugarcane juice,Beverages,25,12,300,Cash,Mrs.,Afternoon,Wednesday,0,0
872,14-07-2022,Sandwich,Fastfood,60,12,720,Cash,Mr.,Afternoon,Thursday,0,0
892,14-07-2022,Sugarcane juice,Beverages,25,7,175,Online,Mrs.,Evening,Thursday,0,0
616,15-07-2022,Vadapav,Fastfood,20,6,120,Online,Mrs.,Midnight,Friday,0,0
860,16-07-2022,Cold coffee,Beverages,40,5,200,Cash,Mr.,Night,Saturday,1,0
741,16-07-2022,Aalopuri,Fastfood,20,5,100,Online,Mr.,Afternoon,Saturday,1,0
513,16-07-2022,Cold coffee,Beverages,40,5,200,Cash,Mrs.,Night,Saturday,1,0
674,17-07-2022,Sugarcane juice,Beverages,25,13,325,Unknown,Mr.,Morning,Sunday,1,0
82,17-07-2022,Frankie,Fastfood,50,3,150,Online,Mrs.,Evening,Sunday,1,0
134,17-07-2022,Aalopuri,Fastfood,20,12,240,Online,Mrs.,Night,Sunday,1,0
993,17-07-2022,Frankie,Fastfood,50,3,150,Online,Mrs.,Night,Sunday,1,0
264,18-07-2022,Sugarcane juice,Beverages,25,12,300,Online,Mr.,Morning,Monday,0,0
324,18-07-2022,Sugarcane juice,Beverages,25,15,375,Online,Mrs.,Night,Monday,0,0
298,19-07-2022,Sugarcane juice,Beverages,25,9,225,Cash,Mrs.,Afternoon,Tuesday,0,0
566,19-07-2022,Frankie,Fastfood,50,3,150,Cash,Mr.,Evening,Tuesday,0,0
701,19-07-2022,Sugarcane juice,Beverages,25,14,350,Online,Mrs.,Evening,Tuesday,0,0
790,20-07-2022,Panipuri,Fastfood,20,3,60,Cash,Mrs.,Evening,Wednesday,0,0
942,20-07-2022,Frankie,Fastfood,50,6,300,Cash,Mr.,Night,Wednesday,0,0
177,21-07-2022,Panipuri,Fastfood,20,11,220,Online,Mrs.,Morning,Thursday,0,0
886,21-07-2022,Sugarcane juice,Beverages,25,4,100,Cash,Mrs.,Night,Thursday,0,0
153,21-07-2022,Panipuri,Fastfood,20,1,20,Cash,Mrs.,Evening,Thursday,0,0
295,21-07-2022,Sandwich,Fastfood,60,7,420,Cash,Mr.,Midnight,Thursday,0,0
461,22-07-2022,Sugarcane juice,Beverages,25,5,125,Cash,Mr.,Midnight,Friday,0,0
299,22-07-2022,Aalopuri,Fastfood,20,1,20,Online,Mrs.,Evening,Friday,0,0
160,23-07-2022,Vadapav,Fastfood,20,10,200,Online,Mr.,Night,Saturday,1,0
821,24-07-2022,Aalopuri,Fastfood,20,12,240,Cash,Mrs.,Midnight,Sunday,1,0
374,24-07-2022,Frankie,Fastfood,50,10,500,Online,Mr.,Midnight,Sunday,1,0
660,25-07-2022,Sandwich,Fastfood,60,9,540,Cash,Mrs.,Night,Monday,0,0
65,25-07-2022,Aalopuri,Fastfood,20,4,80,Cash,Mr.,Morning,Monday,0,0
53,26-07-2022,Aalopuri,Fastfood,20,13,260,Cash,Mr.,Afternoon,Tuesday,0,0
645,26-07-2022,Sandwich,Fastfood,60,9,540,Cash,Mrs.,Night,Tuesday,0,0
634,26-07-2022,Panipuri,Fastfood,20,13,260,Cash,Mr.,Afternoon,Tuesday,0,0
448,27-07-2022,Vadapav,Fastfood,20,6,120,Cash,Mrs.,Evening,Wednesday,0,0
234,27-07-2022,Panipuri,Fastfood,20,10,200,Cash,Mr.,Midnight,Wednesday,0,0
499,27-07-2022,Sandwich,Fastfood,60,8,480,Online,Mrs.,Evening,Wednesday,0,0
206,27-07-2022,Aalopuri,Fastfood,20,4,80,Cash,Mr.,Night,Wednesday,0,0
530,27-07-2022,Panipuri,Fastfood,20,6,120,Cash,Mrs.,Night,Wednesday,0,0
272,29-07-2022,Frankie,Fastfood,50,5,250,Online,Mrs.,Night,Friday,0,0
73,29-07-2022,Panipuri,Fastfood,20,5,100,Cash,Mr.,Midnight,Friday,0,0
740,30-07-2022,Aalopuri,Fastfood,20,9,180,Cash,Mr.,Midnight,Saturday,1,0
541,30-07-2022,Panipuri,Fastfood,20,12,240,Cash,Mr.,Night,Saturday,1,0
551,30-07-2022,Sugarcane juice,Beverages,25,7,175,Cash,Mr.,Evening,Saturday,1,0
838,31-07-2022,Cold coffee,Beverages,40,9,360,Online,Mrs.,Morning,Sunday,1,0
233,31-07-2022,Panipuri,Fastfood,20,5,100,Cash,Mr.,Morning,Sunday,1,0
311,31-07-2022,Frankie,Fastfood,50,7,350,Unknown,Mrs.,Morning,Sunday,1,0
831,01-08-2022,Frankie,Fastfood,50,5,250,Online,Mrs.,Morning,Monday,0,0
598,02-08-2022,Cold coffee,Beverages,40,8,320,Cash,Mrs.,Afternoon,Tuesday,0,0
422,02-08-2022,Cold coffee,Beverages,40,7,280,Online,Mr.,Evening,Tuesday,0,0
511,02-08-2022,Panipuri,Fastfood,20,4,80,Cash,Mrs.,Night,Tuesday,0,0
789,03-08-2022,Sugarcane juice,Beverages,25,7,175,Cash,Mr.,Morning,Wednesday,0,0
728,03-08-2022,Vadapav,Fastfood,20,1,20,Online,Mr.,Midnight,Wednesday,0,0
542,04-08-2022,Sugarcane juice,Beverages,25,9,225,Cash,Mr.,Evening,Thursday,0,0
176,04-08-2022,Panipuri,Fastfood,20,1,20,Cash,Mrs.,Midnight,Thursday,0,0
57,04-08-2022,Panipuri,Fastfood,20,14,280,Online,Mrs.,Morning,Thursday,0,0
875,05-08-2022,Vadapav,Fastfood,20,15,300,Cash,Mr.,Evening,Friday,0,0
746,05-08-2022,Sugarcane juice,Beverages,25,5,125,Online,Mrs.,Midnight,Friday,0,0
416,05-08-2022,Sandwich,Fastfood,60,9,540,Unknown,Mr.,Morning,Friday,0,0
108,06-08-2022,Panipuri,Fastfood,20,5,100,Online,Mr.,Afternoon,Saturday,1,0
287,06-08-2022,Aalopuri,Fastfood,20,3,60,Cash,Mr.,Morning,Saturday,1,0
128,07-08-2022,Vadapav,Fastfood,20,11,220,Online,Mr.,Midnight,Sunday,1,0
109,08-08-2022,Cold coffee,Beverages,40,12,480,Unknown,Mr.,Afternoon,Monday,0,0
812,08-08-2022,Panipuri,Fastfood,20,5,100,Cash,Mr.,Afternoon,Monday,0,0
281,09-08-2022,Sandwich,Fastfood,60,3,180,Cash,Mrs.,Afternoon,Tuesday,0,0
968,09-08-2022,Cold coffee,Beverages,40,15,600,Cash,Mrs.,Morning,Tuesday,0,0
501,09-08-2022,Sugarcane juice,Beverages,25,14,350,Online,Mrs.,Afternoon,Tuesday,0,0
562,09-08-2022,Frankie,Fastfood,50,4,200,Cash,Mr.,Afternoon,Tuesday,0,0
149,09-08-2022,Sandwich,Fastfood,60,7,420,Online,Mr.,Morning,Tuesday,0,0
735,10-08-2022,Panipuri,Fastfood,20,11,220,Cash,Mr.,Morning,Wednesday,0,0
938,10-08-2022,Sugarcane juice,Beverages,25,14,350,Cash,Mr.,Evening,Wednesday,0,0
936,10-08-2022,Panipuri,Fastfood,20,2,40,Unknown,Mr.,Midnight,Wednesday,0,0
164,10-08-2022,Sugarcane juice,Beverages,25,7,175,Online,Mr.,Afternoon,Wednesday,0,0
367,10-08-2022,Panipuri,Fastfood,20,6,120,Unknown,Mr.,Afternoon,Wednesday,0,0
960,12-08-2022,Sugarcane juice,Beverages,25,15,375,Online,Mrs.,Evening,Friday,0,0
878,12-08-2022,Sandwich,Fastfood,60,6,360,Online,Mr.,Evening,Friday,0,0
683,12-08-2022,Frankie,Fastfood,50,15,750,Cash,Mr.,Midnight,Friday,0,0
721,13-08-2022,Panipuri,Fastfood,20,12,240,Unknown,Mr.,Afternoon,Saturday,1,0
788,13-08-2022,Sugarcane juice,Beverages,25,7,175,Online,Mr.,Afternoon,Saturday,1,0
689,13-08-2022,Vadapav,Fastfood,20,6,120,Cash,Mrs.,Afternoon,Saturday,1,0
866,13-08-2022,Frankie,Fastfood,50,10,500,Online,Mr.,Midnight,Saturday,1,0
114,14-08-2022,Aalopuri,Fastfood,20,10,200,Online,Mr.,Afternoon,Sunday,1,0
847,14-08-2022,Panipuri,Fastfood,20,11,220,Online,Mr.,Midnight,Sunday,1,0
773,14-08-2022,Cold coffee,Beverages,40,7,280,Online,Mr.,Afternoon,Sunday,1,0
704,14-08-2022,Sandwich,Fastfood,60,1,60,Online,Mrs.,Evening,Sunday,1,0
615,14-08-2022,Sandwich,Fastfood,60,14,840,Unknown,Mr.,Morning,Sunday,1,0
45,15-08-2022,Sugarcane juice,Beverages,25,6,150,Cash,Mrs.,Afternoon,Monday,0,0
74,15-08-2022,Cold coffee,Beverages,40,10,400,Online,Mrs.,Evening,Monday,0,0
771,15-08-2022,Panipuri,Fastfood,20,5,100,Online,Mrs.,Midnight,Monday,0,0
265,15-08-2022,Vadapav,Fastfood,20,6,120,Cash,Mr.,Midnight,Monday,0,0
273,15-08-2022,Panipuri,Fastfood,20,15,300,Cash,Mr.,Midnight,Monday,0,0
382,16-08-2022,Cold coffee,Beverages,40,9,360,Cash,Mrs.,Night,Tuesday,0,0
947,16-08-2022,Aalopuri,Fastfood,20,11,220,Online,Mr.,Night,Tuesday,0,0
76,17-08-2022,Vadapav,Fastfood,20,9,180,Online,Mr.,Morning,Wednesday,0,0
425,17-08-2022,Panipuri,Fastfood,20,14,280,Online,Mr.,Afternoon,Wednesday,0,0
868,17-08-2022,Aalopuri,Fastfood,20,13,260,Cash,Mrs.,Evening,Wednesday,0,0
349,17-08-2022,Panipuri,Fastfood,20,5,100,Cash,Mrs.,Evening,Wednesday,0,0
26,18-08-2022,Sugarcane juice,Beverages,25,4,100,Cash,Mr.,Afternoon,Thursday,0,0
828,18-08-2022,Panipuri,Fastfood,20,6,120,Cash,Mr.,Evening,Thursday,0,0
85,19-08-2022,Aalopuri,Fastfood,20,3,60,Online,Mrs.,Night,Friday,0,0
864,20-08-2022,Cold coffee,Beverages,40,9,360,Online,Mr.,Morning,Saturday,1,0
638,20-08-2022,Cold coffee,Beverages,40,11,440,Online,Mrs.,Afternoon,Saturday,1,0
850,20-08-2022,Vadapav,Fastfood,20,3,60,Online,Mrs.,Afternoon,Saturday,1,0
331,21-08-2022,Panipuri,Fastfood,20,4,80,Online,Mrs.,Evening,Sunday,1,0
434,21-08-2022,Aalopuri,Fastfood,20,12,240,Cash,Mr.,Morning,Sunday,1,0
897,22-08-2022,Aalopuri,Fastfood,20,6,120,Online,Mr.,Morning,Monday,0,0
19,22-08-2022,Panipuri,Fastfood,20,11,220,Cash,Mrs.,Night,Monday,0,0
96,22-08-2022,Sandwich,Fastfood,60,15,900,Unknown,Mr.,Morning,Monday,0,0
288,22-08-2022,Sandwich,Fastfood,60,7,420,Cash,Mr.,Night,Monday,0,0
442,22-08-2022,Sugarcane juice,Beverages,25,7,175,Online,Mrs.,Night,Monday,0,0
2,23-08-2022,Vadapav,Fastfood,20,15,300,Cash,Mr.,Afternoon,Tuesday,0,0
883,24-08-2022,Aalopuri,Fastfood,20,5,100,Online,Mrs.,Midnight,Wednesday,0,0
695,24-08-2022,Panipuri,Fastfood,20,10,200,Online,Mrs.,Midnight,Wednesday,0,0
514,24-08-2022,Cold coffee,Beverages,40,8,320,Online,Mrs.,Evening,Wednesday,0,0
136,24-08-2022,Aalopuri,Fastfood,20,15,300,Online,Mr.,Morning,Wednesday,0,0
589,25-08-2022,Cold coffee,Beverages,40,5,200,Cash,Mr.,Night,Thursday,0,0
727,25-08-2022,Aalopuri,Fastfood,20,5,100,Cash,Mrs.,Midnight,Thursday,0,0
208,26-08-2022,Cold coffee,Beverages,40,13,520,Cash,Mrs.,Midnight,Friday,0,0
121,26-08-2022,Cold coffee,Beverages,40,8,320,Cash,Mr.,Afternoon,Friday,0,0
116,26-08-2022,Sugarcane juice,Beverages,25,13,325,Cash,Mr.,Evening,Friday,0,0
172,27-08-2022,Sugarcane juice,Beverages,25,6,150,Online,Mrs.,Night,Saturday,1,0
999,27-08-2022,Panipuri,Fastfood,20,5,100,Unknown,Mrs.,Afternoon,Saturday,1,0
803,27-08-2022,Vadapav,Fastfood,20,5,100,Unknown,Mr.,Night,Saturday,1,0
602,27-08-2022,Aalopuri,Fastfood,20,10,200,Cash,Mr.,Night,Saturday,1,0
359,27-08-2022,Aalopuri,Fastfood,20,13,260,Online,Mrs.,Night,Saturday,1,0
474,28-08-2022,Sugarcane juice,Beverages,25,15,375,Cash,Mrs.,Night,Sunday,1,0
44,28-08-2022,Cold coffee,Beverages,40,12,480,Cash,Mr.,Evening,Sunday,1,0
793,30-08-2022,Sandwich,Fastfood,60,6,360,Cash,Mrs.,Night,Tuesday,0,0
646,30-08-2022,Vadapav,Fastfood,20,14,280,Online,Mrs.,Afternoon,Tuesday,0,0
836,31-08-2022,Vadapav,Fastfood,20,2,40,Cash,Mrs.,Midnight,Wednesday,0,0
25,31-08-2022,Sandwich,Fastfood,60,1,60,Online,Mrs.,Evening,Wednesday,0,0
446,31-08-2022,Cold coffee,Beverages,40,9,360,Cash,Mr.,Night,Wednesday,0,0
437,31-08-2022,Cold coffee,Beverages,40,1,40,Unknown,Mr.,Morning,Wednesday,0,0
749,31-08-2022,Vadapav,Fastfood,20,11,220,Cash,Mr.,Morning,Wednesday,0,0
368,31-08-2022,Cold coffee,Beverages,40,2,80,Cash,Mr.,Night,Wednesday,0,0
559,31-08-2022,Cold coffee,Beverages,40,5,200,Online,Mrs.,Night,Wednesday,0,0
603,31-08-2022,Vadapav,Fastfood,20,10,200,Cash,Mrs.,Afternoon,Wednesday,0,0
833,01-09-2022,Panipuri,Fastfood,20,2,40,Online,Mrs.,Evening,Thursday,0,0
138,01-09-2022,Sandwich,Fastfood,60,15,900,Online,Mr.,Night,Thursday,0,0
336,03-09-2022,Sugarcane juice,Beverages,25,13,325,Unknown,Mrs.,Midnight,Saturday,1,0
174,03-09-2022,Aalopuri,Fastfood,20,2,40,Online,Mr.,Evening,Saturday,1,0
111,04-09-2022,Sandwich,Fastfood,60,8,480,Cash,Mrs.,Midnight,Sunday,1,0
473,04-09-2022,Sandwich,Fastfood,60,5,300,Cash,Mrs.,Evening,Sunday,1,0
443,05-09-2022,Sugarcane juice,Beverages,25,12,300,Cash,Mrs.,Night,Monday,0,0
888,05-09-2022,Vadapav,Fastfood,20,8,160,Cash,Mr.,Evening,Monday,0,0
535,05-09-2022,Sandwich,Fastfood,60,4,240,Online,Mr.,Midnight,Monday,0,0
258,06-09-2022,Vadapav,Fastfood,20,14,280,Cash,Mr.,Midnight,Tuesday,0,0
577,06-09-2022,Cold coffee,Beverages,40,7,280,Cash,Mr.,Evening,Tuesday,0,0
573,07-09-2022,Frankie,Fastfood,50,2,100,Cash,Mr.,Afternoon,Wednesday,0,0
270,07-09-2022,Sandwich,Fastfood,60,13,780,Cash,Mr.,Evening,Wednesday,0,0
539,07-09-2022,Panipuri,Fastfood,20,3,60,Online,Mr.,Evening,Wednesday,0,0
468,08-09-2022,Panipuri,Fastfood,20,2,40,Cash,Mr.,Evening,Thursday,0,0
863,08-09-2022,Frankie,Fastfood,50,9,450,Online,Mr.,Night,Thursday,0,0
604,08-09-2022,Frankie,Fastfood,50,10,500,Cash,Mrs.,Night,Thursday,0,0
449,09-09-2022,Frankie,Fastfood,50,4,200,Cash,Mr.,Afternoon,Friday,0,0
619,09-09-2022,Sugarcane juice,Beverages,25,4,100,Cash,Mrs.,Morning,Friday,0,0
699,09-09-2022,Cold coffee,Beverages,40,1,40,Online,Mr.,Evening,Friday,0,0
260,10-09-2022,Sugarcane juice,Beverages,25,2,50,Online,Mrs.,Night,Saturday,1,0
726,11-09-2022,Panipuri,Fastfood,20,1,20,Online,Mr.,Morning,Sunday,1,0
745,11-09-2022,Aalopuri,Fastfood,20,2,40,Online,Mr.,Evening,Sunday,1,0
99,11-09-2022,Sugarcane juice,Beverages,25,3,75,Cash,Mr.,Evening,Sunday,1,0
222,11-09-2022,Sandwich,Fastfood,60,6,360,Cash,Mrs.,Morning,Sunday,1,0
458,12-09-2022,Sugarcane juice,Beverages,25,8,200,Cash,Mrs.,Midnight,Monday,0,0
552,12-09-2022,Sugarcane juice,Beverages,25,15,375,Cash,Mrs.,Midnight,Monday,0,0
94,14-09-2022,Aalopuri,Fastfood,20,15,300,Unknown,Mrs.,Night,Wednesday,0,0
722,14-09-2022,Vadapav,Fastfood,20,15,300,Unknown,Mr.,Midnight,Wednesday,0,0
31,14-09-2022,Cold coffee,Beverages,40,13,520,Online,Mrs.,Evening,Wednesday,0,0
620,14-09-2022,Panipuri,Fastfood,20,12,240,Online,Mrs.,Evening,Wednesday,0,0
279,14-09-2022,Vadapav,Fastfood,20,15,300,Cash,Mrs.,Afternoon,Wednesday,0,0
570,15-09-2022,Sugarcane juice,Beverages,25,4,100,Cash,Mr.,Morning,Thursday,0,0
409,15-09-2022,Aalopuri,Fastfood,20,9,180,Cash,Mrs.,Morning,Thursday,0,0
20,15-09-2022,Cold coffee,Beverages,40,10,400,Online,Mr.,Night,Thursday,0,0
751,16-09-2022,Vadapav,Fastfood,20,2,40,Cash,Mr.,Afternoon,Friday,0,0
10,16-09-2022,Panipuri,Fastfood,20,5,100,Online,Mr.,Afternoon,Friday,0,0
673,17-09-2022,Sandwich,Fastfood,60,12,720,Cash,Mr.,Midnight,Saturday,1,0
912,17-09-2022,Aalopuri,Fastfood,20,6,120,Cash,Mr.,Evening,Saturday,1,0
392,18-09-2022,Aalopuri,Fastfood,20,15,300,Online,Mr.,Night,Sunday,1,0
684,18-09-2022,Vadapav,Fastfood,20,5,100,Cash,Mr.,Afternoon,Sunday,1,0
143,18-09-2022,Frankie,Fastfood,50,8,400,Unknown,Mrs.,Afternoon,Sunday,1,0
348,19-09-2022,Vadapav,Fastfood,20,1,20,Online,Mrs.,Midnight,Monday,0,0
429,19-09-2022,Cold coffee,Beverages,40,3,120,Online,Mr.,Night,Monday,0,0
829,19-09-2022,Cold coffee,Beverages,40,6,240,Cash,Mr.,Night,Monday,0,0
934,19-09-2022,Cold coffee,Beverages,40,4,160,Cash,Mrs.,Afternoon,Monday,0,0
737,20-09-2022,Frankie,Fastfood,50,13,650,Online,Mrs.,Night,Tuesday,0,0
748,20-09-2022,Sandwich,Fastfood,60,14,840,Cash,Mrs.,Night,Tuesday,0,0
997,20-09-2022,Sandwich,Fastfood,60,7,420,Unknown,Mr.,Evening,Tuesday,0,0
357,21-09-2022,Sandwich,Fastfood,60,9,540,Online,Mrs.,Afternoon,Wednesday,0,0
202,21-09-2022,Aalopuri,Fastfood,20,9,180,Cash,Mr.,Afternoon,Wednesday,0,0
350,21-09-2022,Cold coffee,Beverages,40,8,320,Online,Mrs.,Morning,Wednesday,0,0
488,21-09-2022,Cold coffee,Beverages,40,10,400,Cash,Mr.,Midnight,Wednesday,0,0
223,21-09-2022,Panipuri,Fastfood,20,13,260,Online,Mr.,Night,Wednesday,0,0
921,21-09-2022,Vadapav,Fastfood,20,14,280,Cash,Mr.,Midnight,Wednesday,0,0
808,21-09-2022,Panipuri,Fastfood,20,1,20,Online,Mr.,Morning,Wednesday,0,0
516,22-09-2022,Sugarcane juice,Beverages,25,12,300,Online,Mrs.,Midnight,Thursday,0,0
330,22-09-2022,Panipuri,Fastfood,20,8,160,Unknown,Mr.,Morning,Thursday,0,0
294,23-09-2022,Aalopuri,Fastfood,20,1,20,Cash,Mrs.,Evening,Friday,0,0
952,24-09-2022,Aalopuri,Fastfood,20,14,280,Cash,Mrs.,Evening,Saturday,1,0
403,25-09-2022,Cold coffee,Beverages,40,3,120,Online,Mrs.,Midnight,Sunday,1,0
950,25-09-2022,Frankie,Fastfood,50,6,300,Online,Mrs.,Evening,Sunday,1,0
758,25-09-2022,Vadapav,Fastfood,20,3,60,Cash,Mrs.,Evening,Sunday,1,0
736,25-09-2022,Panipuri,Fastfood,20,13,260,Unknown,Mr.,Afternoon,Sunday,1,0
564,27-09-2022,Cold coffee,Beverages,40,2,80,Unknown,Mr.,Morning,Tuesday,0,0
565,27-09-2022,Panipuri,Fastfood,20,15,300,Cash,Mr.,Evening,Tuesday,0,0
835,27-09-2022,Sugarcane juice,Beverages,25,7,175,Online,Mr.,Afternoon,Tuesday,0,0
444,28-09-2022,Frankie,Fastfood,50,4,200,Unknown,Mr.,Evening,Wednesday,0,0
667,28-09-2022,Vadapav,Fastfood,20,3,60,Cash,Mrs.,Evening,Wednesday,0,0
470,29-09-2022,Vadapav,Fastfood,20,8,160,Cash,Mrs.,Morning,Thursday,0,0
213,29-09-2022,Vadapav,Fastfood,20,3,60,Unknown,Mrs.,Midnight,Thursday,0,0
439,30-09-2022,Frankie,Fastfood,50,13,650,Online,Mr.,Afternoon,Friday,0,0
276,30-09-2022,Sugarcane juice,Beverages,25,6,150,Cash,Mr.,Midnight,Friday,0,0
78,01-10-2022,Vadapav,Fastfood,20,4,80,Cash,Mrs.,Evening,Saturday,1,0
591,01-10-2022,Sandwich,Fastfood,60,13,780,Cash,Mrs.,Morning,Saturday,1,0
219,01-10-2022,Aalopuri,Fastfood,20,9,180,Cash,Mrs.,Evening,Saturday,1,0
558,01-10-2022,Panipuri,Fastfood,20,5,100,Online,Mr.,Morning,Saturday,1,0
493,02-10-2022,Cold coffee,Beverages,40,2,80,Online,Mr.,Morning,Sunday,1,0
5,02-10-2022,Sugarcane juice,Beverages,25,8,200,Online,Mr.,Evening,Sunday,1,0
266,02-10-2022,Frankie,Fastfood,50,10,500,Online,Mrs.,Night,Sunday,1,0
971,02-10-2022,Frankie,Fastfood,50,2,100,Cash,Mrs.,Morning,Sunday,1,0
480,02-10-2022,Vadapav,Fastfood,20,12,240,Cash,Mr.,Evening,Sunday,1,0
794,02-10-2022,Sugarcane juice,Beverages,25,5,125,Online,Mr.,Afternoon,Sunday,1,0
245,03-10-2022,Vadapav,Fastfood,20,2,40,Cash,Mrs.,Morning,Monday,0,0
599,03-10-2022,Frankie,Fastfood,50,13,650,Cash,Mr.,Morning,Monday,0,0
159,03-10-2022,Sugarcane juice,Beverages,25,1,25,Online,Mrs.,Afternoon,Monday,0,0
247,03-10-2022,Sugarcane juice,Beverages,25,6,150,Unknown,Mr.,Midnight,Monday,0,0
531,04-10-2022,Cold coffee,Beverages,40,10,400,Cash,Mr.,Night,Tuesday,0,0
22,04-10-2022,Sugarcane juice,Beverages,25,12,300,Online,Mr.,Evening,Tuesday,0,0
963,05-10-2022,Vadapav,Fastfood,20,6,120,Cash,Mrs.,Morning,Wednesday,0,0
814,05-10-2022,Vadapav,Fastfood,20,13,260,Cash,Mrs.,Midnight,Wednesday,0,0
690,05-10-2022,Vadapav,Fastfood,20,9,180,Cash,Mrs.,Night,Wednesday,0,0
408,05-10-2022,Vadapav,Fastfood,20,4,80,Online,Mr.,Midnight,Wednesday,0,0
360,06-10-2022,Cold coffee,Beverages,40,2,80,Online,Mrs.,Midnight,Thursday,0,0
915,07-10-2022,Cold coffee,Beverages,40,7,280,Online,Mr.,Afternoon,Friday,0,0
734,07-10-2022,Frankie,Fastfood,50,7,350,Cash,Mr.,Evening,Friday,0,0
705,07-10-2022,Sandwich,Fastfood,60,6,360,Online,Mr.,Evening,Friday,0,0
978,08-10-2022,Frankie,Fastfood,50,2,100,Online,Mr.,Night,Saturday,1,0
965,08-10-2022,Frankie,Fastfood,50,5,250,Online,Mrs.,Night,Saturday,1,0
419,08-10-2022,Sugarcane juice,Beverages,25,14,350,Unknown,Mrs.,Midnight,Saturday,1,0
859,08-10-2022,Sandwich,Fastfood,60,11,660,Cash,Mrs.,Midnight,Saturday,1,0
388,09-10-2022,Sandwich,Fastfood,60,14,840,Cash,Mr.,Evening,Sunday,1,0
910,09-10-2022,Panipuri,Fastfood,20,1,20,Cash,Mrs.,Afternoon,Sunday,1,0
671,09-10-2022,Sandwich,Fastfood,60,2,120,Online,Mr.,Afternoon,Sunday,1,0
145,09-10-2022,Sandwich,Fastfood,60,14,840,Online,Mr.,Morning,Sunday,1,0
280,09-10-2022,Panipuri,Fastfood,20,14,280,Online,Mrs.,Evening,Sunday,1,0
254,09-10-2022,Cold coffee,Beverages,40,12,480,Unknown,Mrs.,Afternoon,Sunday,1,0
658,10-10-2022,Aalopuri,Fastfood,20,12,240,Unknown,Mrs.,Afternoon,Monday,0,0
717,11-10-2022,Sugarcane juice,Beverages,25,15,375,Unknown,Mrs.,Evening,Tuesday,0,0
682,11-10-2022,Aalopuri,Fastfood,20,14,280,Online,Mr.,Midnight,Tuesday,0,0
661,11-10-2022,Frankie,Fastfood,50,7,350,Online,Mrs.,Midnight,Tuesday,0,0
989,11-10-2022,Cold coffee,Beverages,40,13,520,Cash,Mr.,Afternoon,Tuesday,0,0
401,11-10-2022,Sugarcane juice,Beverages,25,8,200,Online,Mrs.,Midnight,Tuesday,0,0
364,11-10-2022,Cold coffee,Beverages,40,2,80,Online,Mr.,Night,Tuesday,0,0
804,11-10-2022,Cold coffee,Beverages,40,12,480,Online,Mrs.,Night,Tuesday,0,0
187,11-10-2022,Aalopuri,Fastfood,20,15,300,Cash,Mrs.,Morning,Tuesday,0,0
27,12-10-2022,Cold coffee,Beverages,40,11,440,Online,Mrs.,Afternoon,Wednesday,0,0
819,12-10-2022,Vadapav,Fastfood,20,10,200,Cash,Mr.,Evening,Wednesday,0,0
813,13-10-2022,Panipuri,Fastfood,20,10,200,Online,Mr.,Afternoon,Thursday,0,0
563,13-10-2022,Frankie,Fastfood,50,7,350,Online,Mrs.,Evening,Thursday,0,0
406,13-10-2022,Cold coffee,Beverages,40,4,160,Online,Mrs.,Afternoon,Thursday,0,0
854,14-10-2022,Cold coffee,Beverages,40,14,560,Online,Mrs.,Night,Friday,0,0
309,14-10-2022,Sandwich,Fastfood,60,8,480,Online,Mr.,Evening,Friday,0,0
124,14-10-2022,Sugarcane juice,Beverages,25,13,325,Unknown,Mrs.,Evening,Friday,0,0
337,15-10-2022,Aalopuri,Fastfood,20,14,280,Online,Mrs.,Midnight,Saturday,1,0
457,16-10-2022,Cold coffee,Beverages,40,11,440,Cash,Mr.,Evening,Sunday,1,0
885,16-10-2022,Sugarcane juice,Beverages,25,4,100,Cash,Mr.,Evening,Sunday,1,0
567,16-10-2022,Cold coffee,Beverages,40,7,280,Online,Mrs.,Afternoon,Sunday,1,0
17,16-10-2022,Panipuri,Fastfood,20,11,220,Cash,Mrs.,Morning,Sunday,1,0
175,17-10-2022,Frankie,Fastfood,50,12,600,Cash,Mrs.,Afternoon,Monday,0,0
205,17-10-2022,Vadapav,Fastfood,20,4,80,Unknown,Mr.,Afternoon,Monday,0,0
467,17-10-2022,Aalopuri,Fastfood,20,11,220,Online,Mr.,Morning,Monday,0,0
62,17-10-2022,Sugarcane juice,Beverages,25,3,75,Cash,Mr.,Afternoon,Monday,0,0
464,18-10-2022,Sugarcane juice,Beverages,25,13,325,Cash,Mr.,Morning,Tuesday,0,0
932,18-10-2022,Sandwich,Fastfood,60,9,540,Online,Mr.,Afternoon,Tuesday,0,0
371,18-10-2022,Vadapav,Fastfood,20,5,100,Online,Mrs.,Night,Tuesday,0,0
907,19-10-2022,Cold coffee,Beverages,40,4,160,Unknown,Mrs.,Midnight,Wednesday,0,0
129,19-10-2022,Panipuri,Fastfood,20,13,260,Cash,Mrs.,Morning,Wednesday,0,0
495,20-10-2022,Aalopuri,Fastfood,20,13,260,Online,Mrs.,Midnight,Thursday,0,0
643,20-10-2022,Sugarcane juice,Beverages,25,2,50,Cash,Mr.,Afternoon,Thursday,0,0
380,20-10-2022,Sandwich,Fastfood,60,5,300,Online,Mrs.,Afternoon,Thursday,0,0
453,20-10-2022,Sandwich,Fastfood,60,1,60,Online,Mrs.,Midnight,Thursday,0,0
992,21-10-2022,Sandwich,Fastfood,60,5,300,Cash,Mr.,Morning,Friday,0,0
756,21-10-2022,Sugarcane juice,Beverages,25,10,250,Online,Mrs.,Morning,Friday,0,0
423,21-10-2022,Frankie,Fastfood,50,7,350,Cash,Mrs.,Night,Friday,0,0
384,22-10-2022,Sugarcane juice,Beverages,25,1,25,Online,Mr.,Afternoon,Saturday,1,0
574,22-10-2022,Aalopuri,Fastfood,20,1,20,Cash,Mrs.,Night,Saturday,1,0
445,22-10-2022,Sandwich,Fastfood,60,14,840,Online,Mrs.,Morning,Saturday,1,0
777,23-10-2022,Panipuri,Fastfood,20,13,260,Cash,Mr.,Morning,Sunday,1,0
855,23-10-2022,Vadapav,Fastfood,20,5,100,Online,Mr.,Evening,Sunday,1,0
887,24-10-2022,Aalopuri,Fastfood,20,3,60,Cash,Mr.,Morning,Monday,0,0
152,24-10-2022,Cold coffee,Beverages,40,9,360,Online,Mr.,Afternoon,Monday,0,0
335,24-10-2022,Cold coffee,Beverages,40,11,440,Cash,Mr.,Night,Monday,0,0
204,24-10-2022,Cold coffee,Beverages,40,7,280,Cash,Mrs.,Evening,Monday,0,0
192,26-10-2022,Vadapav,Fastfood,20,2,40,Online,Mr.,Night,Wednesday,0,0
249,26-10-2022,Sugarcane juice,Beverages,25,3,75,Online,Mrs.,Afternoon,Wednesday,0,0
509,26-10-2022,Vadapav,Fastfood,20,11,220,Online,Mr.,Evening,Wednesday,0,0
104,27-10-2022,Cold coffee,Beverages,40,13,520,Online,Mr.,Morning,Thursday,0,0
358,27-10-2022,Aalopuri,Fastfood,20,6,120,Cash,Mr.,Night,Thursday,0,0
877,27-10-2022,Sugarcane juice,Beverages,25,14,350,Cash,Mrs.,Afternoon,Thursday,0,0
146,28-10-2022,Frankie,Fastfood,50,4,200,Unknown,Mrs.,Afternoon,Friday,0,0
632,28-10-2022,Panipuri,Fastfood,20,9,180,Online,Mrs.,Night,Friday,0,0
90,29-10-2022,Vadapav,Fastfood,20,15,300,Online,Mr.,Night,Saturday,1,0
481,29-10-2022,Sugarcane juice,Beverages,25,4,100,Cash,Mr.,Evening,Saturday,1,0
711,30-10-2022,Aalopuri,Fastfood,20,3,60,Cash,Mr.,Afternoon,Sunday,1,0
333,30-10-2022,Sugarcane juice,Beverages,25,11,275,Cash,Mrs.,Afternoon,Sunday,1,0
896,30-10-2022,Aalopuri,Fastfood,20,13,260,Cash,Mr.,Night,Sunday,1,0
825,30-10-2022,Panipuri,Fastfood,20,14,280,Cash,Mrs.,Morning,Sunday,1,0
396,31-10-2022,Frankie,Fastfood,50,15,750,Online,Mr.,Morning,Monday,0,0
664,31-10-2022,Frankie,Fastfood,50,10,500,Online,Mrs.,Morning,Monday,0,0
870,31-10-2022,Cold coffee,Beverages,40,5,200,Online,Mrs.,Afternoon,Monday,0,0
994,01-11-2022,Panipuri,Fastfood,20,2,40,Online,Mrs.,Evening,Tuesday,0,0
601,01-11-2022,Aalopuri,Fastfood,20,12,240,Online,Mr.,Morning,Tuesday,0,0
703,01-11-2022,Panipuri,Fastfood,20,10,200,Online,Mrs.,Afternoon,Tuesday,0,0
316,02-11-2022,Frankie,Fastfood,50,4,200,Online,Mr.,Morning,Wednesday,0,0
50,02-11-2022,Vadapav,Fastfood,20,8,160,Cash,Mrs.,Midnight,Wednesday,0,0
679,02-11-2022,Sandwich,Fastfood,60,12,720,Online,Mr.,Morning,Wednesday,0,0
441,02-11-2022,Aalopuri,Fastfood,20,1,20,Online,Mrs.,Midnight,Wednesday,0,0
515,02-11-2022,Sandwich,Fastfood,60,7,420,Unknown,Mrs.,Night,Wednesday,0,0
849,03-11-2022,Cold coffee,Beverages,40,10,400,Cash,Mrs.,Night,Thursday,0,0
523,03-11-2022,Frankie,Fastfood,50,6,300,Cash,Mr.,Afternoon,Thursday,0,0
503,04-11-2022,Aalopuri,Fastfood,20,13,260,Cash,Mrs.,Morning,Friday,0,0
430,05-11-2022,Sandwich,Fastfood,60,4,240,Online,Mr.,Night,Saturday,1,0
79,05-11-2022,Panipuri,Fastfood,20,6,120,Online,Mr.,Night,Saturday,1,0
649,05-11-2022,Frankie,Fastfood,50,9,450,Cash,Mr.,Midnight,Saturday,1,0
228,05-11-2022,Panipuri,Fastfood,20,8,160,Online,Mr.,Night,Saturday,1,0
18,05-11-2022,Panipuri,Fastfood,20,10,200,Cash,Mrs.,Night,Saturday,1,0
879,06-11-2022,Cold coffee,Beverages,40,9,360,Cash,Mrs.,Evening,Sunday,1,0
800,06-11-2022,Cold coffee,Beverages,40,14,560,Cash,Mr.,Night,Sunday,1,0
969,06-11-2022,Cold coffee,Beverages,40,11,440,Cash,Mr.,Morning,Sunday,1,0
49,06-11-2022,Frankie,Fastfood,50,4,200,Online,Mrs.,Morning,Sunday,1,0
496,07-11-2022,Cold coffee,Beverages,40,10,400,Online,Mrs.,Night,Monday,0,0
857,08-11-2022,Sugarcane juice,Beverages,25,14,350,Online,Mrs.,Evening,Tuesday,0,0
197,08-11-2022,Panipuri,Fastfood,20,10,200,Cash,Mrs.,Midnight,Tuesday,0,0
237,08-11-2022,Panipuri,Fastfood,20,13,260,Cash,Mrs.,Midnight,Tuesday,0,0
743,09-11-2022,Panipuri,Fastfood,20,1,20,Cash,Mr.,Morning,Wednesday,0,0
848,10-11-2022,Frankie,Fastfood,50,9,450,Cash,Mr.,Night,Thursday,0,0
953,10-11-2022,Sandwich,Fastfood,60,2,120,Online,Mrs.,Afternoon,Thursday,0,0
951,11-11-2022,Panipuri,Fastfood,20,11,220,Cash,Mrs.,Afternoon,Friday,0,0
553,11-11-2022,Panipuri,Fastfood,20,14,280,Cash,Mr.,Evening,Friday,0,0
918,12-11-2022,Panipuri,Fastfood,20,6,120,Cash,Mr.,Evening,Saturday,1,0
761,12-11-2022,Sandwich,Fastfood,60,3,180,Unknown,Mrs.,Midnight,Saturday,1,0
418,12-11-2022,Cold coffee,Beverages,40,7,280,Online,Mr.,Night,Saturday,1,0
243,12-11-2022,Panipuri,Fastfood,20,5,100,Cash,Mrs.,Midnight,Saturday,1,0
83,13-11-2022,Frankie,Fastfood,50,11,550,Unknown,Mr.,Evening,Sunday,1,0
41,13-11-2022,Cold coffee,Beverages,40,11,440,Unknown,Mr.,Afternoon,Sunday,1,0
760,14-11-2022,Sugarcane juice,Beverages,25,1,25,Online,Mrs.,Evening,Monday,0,0
6,14-11-2022,Vadapav,Fastfood,20,10,200,Cash,Mr.,Evening,Monday,0,0
250,15-11-2022,Sugarcane juice,Beverages,25,6,150,Online,Mrs.,Midnight,Tuesday,0,0
550,15-11-2022,Cold coffee,Beverages,40,15,600,Online,Mr.,Afternoon,Tuesday,0,0
700,15-11-2022,Frankie,Fastfood,50,6,300,Cash,Mrs.,Evening,Tuesday,0,0
246,16-11-2022,Vadapav,Fastfood,20,10,200,Cash,Mr.,Afternoon,Wednesday,0,0
110,16-11-2022,Panipuri,Fastfood,20,2,40,Online,Mrs.,Morning,Wednesday,0,0
916,17-11-2022,Cold coffee,Beverages,40,15,600,Unknown,Mrs.,Afternoon,Thursday,0,0
375,17-11-2022,Panipuri,Fastfood,20,13,260,Cash,Mr.,Evening,Thursday,0,0
227,17-11-2022,Cold coffee,Beverages,40,5,200,Cash,Mrs.,Afternoon,Thursday,0,0
144,17-11-2022,Panipuri,Fastfood,20,10,200,Cash,Mrs.,Evening,Thursday,0,0
742,18-11-2022,Panipuri,Fastfood,20,14,280,Online,Mr.,Night,Friday,0,0
259,18-11-2022,Sandwich,Fastfood,60,4,240,Online,Mr.,Morning,Friday,0,0
81,19-11-2022,Frankie,Fastfood,50,12,600,Online,Mrs.,Night,Saturday,1,0
372,19-11-2022,Frankie,Fastfood,50,12,600,Unknown,Mr.,Morning,Saturday,1,0
3,20-11-2022,Vadapav,Fastfood,20,1,20,Cash,Mr.,Afternoon,Sunday,1,0
411,20-11-2022,Panipuri,Fastfood,20,12,240,Cash,Mr.,Afternoon,Sunday,1,0
460,20-11-2022,Aalopuri,Fastfood,20,2,40,Cash,Mr.,Morning,Sunday,1,0
970,21-11-2022,Aalopuri,Fastfood,20,5,100,Online,Mrs.,Afternoon,Monday,0,0
244,22-11-2022,Sandwich,Fastfood,60,10,600,Online,Mrs.,Midnight,Tuesday,0,0
858,22-11-2022,Cold coffee,Beverages,40,9,360,Cash,Mr.,Evening,Tuesday,0,0
56,23-11-2022,Panipuri,Fastfood,20,11,220,Cash,Mrs.,Midnight,Wednesday,0,0
386,23-11-2022,Frankie,Fastfood,50,5,250,Online,Mr.,Midnight,Wednesday,0,0
410,23-11-2022,Aalopuri,Fastfood,20,15,300,Online,Mr.,Afternoon,Wednesday,0,0
902,23-11-2022,Frankie,Fastfood,50,4,200,Online,Mr.,Afternoon,Wednesday,0,0
672,24-11-2022,Cold coffee,Beverages,40,3,120,Unknown,Mrs.,Evening,Thursday,0,0
990,24-11-2022,Vadapav,Fastfood,20,10,200,Online,Mrs.,Morning,Thursday,0,0
729,24-11-2022,Sandwich,Fastfood,60,7,420,Cash,Mr.,Night,Thursday,0,0
686,25-11-2022,Cold coffee,Beverages,40,5,200,Cash,Mr.,Afternoon,Friday,0,0
14,25-11-2022,Frankie,Fastfood,50,4,200,Online,Mr.,Morning,Friday,0,0
519,25-11-2022,Cold coffee,Beverages,40,10,400,Cash,Mr.,Morning,Friday,0,0
698,26-11-2022,Panipuri,Fastfood,20,10,200,Online,Mr.,Night,Saturday,1,0
404,26-11-2022,Frankie,Fastfood,50,7,350,Cash,Mrs.,Midnight,Saturday,1,0
797,26-11-2022,Cold coffee,Beverages,40,11,440,Cash,Mr.,Night,Saturday,1,0
780,27-11-2022,Sugarcane juice,Beverages,25,13,325,Online,Mrs.,Afternoon,Sunday,1,0
930,27-11-2022,Sugarcane juice,Beverages,25,10,250,Online,Mr.,Night,Sunday,1,0
571,28-11-2022,Sugarcane juice,Beverages,25,1,25,Cash,Mrs.,Evening,Monday,0,0
959,28-11-2022,Vadapav,Fastfood,20,8,160,Online,Mrs.,Midnight,Monday,0,0
830,28-11-2022,Cold coffee,Beverages,40,9,360,Unknown,Mr.,Night,Monday,0,0
289,28-11-2022,Aalopuri,Fastfood,20,7,140,Online,Mrs.,Midnight,Monday,0,0
440,28-11-2022,Aalopuri,Fastfood,20,7,140,Cash,Mr.,Afternoon,Monday,0,0
656,28-11-2022,Sandwich,Fastfood,60,6,360,Online,Mrs.,Midnight,Monday,0,0
693,29-11-2022,Sugarcane juice,Beverages,25,13,325,Online,Mrs.,Midnight,Tuesday,0,0
327,29-11-2022,Frankie,Fastfood,50,15,750,Cash,Mrs.,Midnight,Tuesday,0,0
235,29-11-2022,Sandwich,Fastfood,60,10,600,Cash,Mrs.,Afternoon,Tuesday,0,0
597,30-11-2022,Panipuri,Fastfood,20,10,200,Online,Mr.,Midnight,Wednesday,0,0
366,30-11-2022,Sugarcane juice,Beverages,25,10,250,Online,Mrs.,Afternoon,Wednesday,0,0
11,01-12-2022,Frankie,Fastfood,50,8,400,Online,Mrs.,Afternoon,Thursday,0,0
180,01-12-2022,Vadapav,Fastfood,20,6,120,Online,Mrs.,Afternoon,Thursday,0,0
63,01-12-2022,Sandwich,Fastfood,60,7,420,Online,Mrs.,Morning,Thursday,0,0
927,02-12-2022,Cold coffee,Beverages,40,6,240,Unknown,Mrs.,Evening,Friday,0,0
826,02-12-2022,Sandwich,Fastfood,60,15,900,Cash,Mrs.,Night,Friday,0,0
713,02-12-2022,Sugarcane juice,Beverages,25,14,350,Online,Mrs.,Morning,Friday,0,0
214,03-12-2022,Sugarcane juice,Beverages,25,14,350,Online,Mr.,Evening,Saturday,1,0
716,03-12-2022,Panipuri,Fastfood,20,9,180,Cash,Mrs.,Midnight,Saturday,1,0
127,03-12-2022,Aalopuri,Fastfood,20,1,20,Unknown,Mrs.,Morning,Saturday,1,0
376,04-12-2022,Frankie,Fastfood,50,15,750,Cash,Mr.,Midnight,Sunday,1,0
209,04-12-2022,Aalopuri,Fastfood,20,2,40,Cash,Mr.,Night,Sunday,1,0
592,04-12-2022,Sugarcane juice,Beverages,25,7,175,Cash,Mr.,Morning,Sunday,1,0
239,04-12-2022,Frankie,Fastfood,50,4,200,Online,Mr.,Evening,Sunday,1,0
584,04-12-2022,Cold coffee,Beverages,40,15,600,Cash,Mr.,Morning,Sunday,1,0
71,05-12-2022,Cold coffee,Beverages,40,6,240,Online,Mr.,Night,Monday,0,0
132,05-12-2022,Vadapav,Fastfood,20,4,80,Online,Mrs.,Night,Monday,0,0
415,05-12-2022,Vadapav,Fastfood,20,8,160,Online,Mr.,Evening,Monday,0,0
900,07-12-2022,Sugarcane juice,Beverages,25,9,225,Online,Mr.,Afternoon,Wednesday,0,0
785,07-12-2022,Aalopuri,Fastfood,20,2,40,Online,Mr.,Afternoon,Wednesday,0,0
871,07-12-2022,Vadapav,Fastfood,20,14,280,Unknown,Mrs.,Evening,Wednesday,0,0
277,08-12-2022,Cold coffee,Beverages,40,13,520,Cash,Mrs.,Midnight,Thursday,0,0
64,09-12-2022,Cold coffee,Beverages,40,1,40,Cash,Mr.,Morning,Friday,0,0
681,09-12-2022,Frankie,Fastfood,50,9,450,Online,Mrs.,Night,Friday,0,0
178,09-12-2022,Aalopuri,Fastfood,20,2,40,Cash,Mrs.,Morning,Friday,0,0
518,09-12-2022,Aalopuri,Fastfood,20,6,120,Cash,Mrs.,Morning,Friday,0,0
504,09-12-2022,Cold coffee,Beverages,40,8,320,Cash,Mr.,Evening,Friday,0,0
560,10-12-2022,Sugarcane juice,Beverages,25,1,25,Cash,Mr.,Evening,Saturday,1,0
508,10-12-2022,Sandwich,Fastfood,60,1,60,Cash,Mr.,Night,Saturday,1,0
215,10-12-2022,Sugarcane juice,Beverages,25,7,175,Unknown,Mrs.,Morning,Saturday,1,0
240,11-12-2022,Sandwich,Fastfood,60,10,600,Cash,Mrs.,Morning,Sunday,1,0
113,12-12-2022,Aalopuri,Fastfood,20,8,160,Cash,Mr.,Afternoon,Monday,0,0
226,12-12-2022,Aalopuri,Fastfood,20,13,260,Online,Mrs.,Afternoon,Monday,0,0
809,12-12-2022,Panipuri,Fastfood,20,10,200,Online,Mr.,Evening,Monday,0,0
405,13-12-2022,Sugarcane juice,Beverages,25,10,250,Cash,Mr.,Night,Tuesday,0,0
905,13-12-2022,Frankie,Fastfood,50,15,750,Cash,Mrs.,Midnight,Tuesday,0,0
154,13-12-2022,Vadapav,Fastfood,20,3,60,Cash,Mr.,Night,Tuesday,0,0
507,14-12-2022,Aalopuri,Fastfood,20,14,280,Online,Mrs.,Morning,Wednesday,0,0
714,14-12-2022,Sugarcane juice,Beverages,25,14,350,Cash,Mr.,Afternoon,Wednesday,0,0
544,14-12-2022,Sandwich,Fastfood,60,15,900,Online,Mrs.,Morning,Wednesday,0,0
622,14-12-2022,Panipuri,Fastfood,20,13,260,Online,Mr.,Afternoon,Wednesday,0,0
286,14-12-2022,Vadapav,Fastfood,20,6,120,Unknown,Mr.,Night,Wednesday,0,0
607,15-12-2022,Vadapav,Fastfood,20,9,180,Cash,Mrs.,Afternoon,Thursday,0,0
194,15-12-2022,Vadapav,Fastfood,20,4,80,Cash,Mrs.,Morning,Thursday,0,0
229,15-12-2022,Panipuri,Fastfood,20,7,140,Unknown,Mr.,Evening,Thursday,0,0
782,16-12-2022,Aalopuri,Fastfood,20,5,100,Online,Mr.,Night,Friday,0,0
707,16-12-2022,Panipuri,Fastfood,20,2,40,Online,Mr.,Night,Friday,0,0
308,17-12-2022,Sandwich,Fastfood,60,13,780,Online,Mr.,Evening,Saturday,1,0
68,17-12-2022,Cold coffee,Beverages,40,2,80,Unknown,Mr.,Night,Saturday,1,0
712,17-12-2022,Vadapav,Fastfood,20,3,60,Online,Mrs.,Midnight,Saturday,1,0
924,17-12-2022,Panipuri,Fastfood,20,14,280,Cash,Mr.,Afternoon,Saturday,1,0
687,18-12-2022,Vadapav,Fastfood,20,10,200,Cash,Mrs.,Midnight,Sunday,1,0
614,19-12-2022,Vadapav,Fastfood,20,2,40,Unknown,Mr.,Morning,Monday,0,0
133,20-12-2022,Aalopuri,Fastfood,20,5,100,Online,Mr.,Midnight,Tuesday,0,0
251,21-12-2022,Cold coffee,Beverages,40,13,520,Unknown,Mrs.,Afternoon,Wednesday,0,0
21,21-12-2022,Cold coffee,Beverages,40,15,600,Cash,Mr.,Evening,Wednesday,0,0
318,21-12-2022,Aalopuri,Fastfood,20,10,200,Online,Mrs.,Midnight,Wednesday,0,0
13,22-12-2022,Panipuri,Fastfood,20,9,180,Online,Mrs.,Afternoon,Thursday,0,0
8,22-12-2022,Panipuri,Fastfood,20,14,280,Online,Mr.,Night,Thursday,0,0
269,22-12-2022,Panipuri,Fastfood,20,2,40,Unknown,Mrs.,Midnight,Thursday,0,0
389,22-12-2022,Sandwich,Fastfood,60,12,720,Cash,Mrs.,Evening,Thursday,0,0
242,23-12-2022,Cold coffee,Beverages,40,4,160,Online,Mrs.,Midnight,Friday,0,0
89,23-12-2022,Aalopuri,Fastfood,20,14,280,Cash,Mr.,Evening,Friday,0,0
218,23-12-2022,Cold coffee,Beverages,40,13,520,Online,Mrs.,Midnight,Friday,0,0
901,24-12-2022,Vadapav,Fastfood,20,7,140,Online,Mrs.,Morning,Saturday,1,0
428,24-12-2022,Sugarcane juice,Beverages,25,8,200,Online,Mr.,Afternoon,Saturday,1,0
575,24-12-2022,Vadapav,Fastfood,20,1,20,Online,Mrs.,Midnight,Saturday,1,0
98,24-12-2022,Vadapav,Fastfood,20,1,20,Online,Mr.,Morning,Saturday,1,0
600,24-12-2022,Panipuri,Fastfood,20,6,120,Cash,Mrs.,Morning,Saturday,1,0
452,25-12-2022,Frankie,Fastfood,50,5,250,Online,Mr.,Afternoon,Sunday,1,0
200,25-12-2022,Cold coffee,Beverages,40,10,400,Cash,Mrs.,Morning,Sunday,1,0
757,25-12-2022,Sugarcane juice,Beverages,25,11,275,Online,Mr.,Morning,Sunday,1,0
759,25-12-2022,Sugarcane juice,Beverages,25,13,325,Online,Mr.,Midnight,Sunday,1,0
61,25-12-2022,Vadapav,Fastfood,20,14,280,Cash,Mrs.,Afternoon,Sunday,1,0
506,26-12-2022,Cold coffee,Beverages,40,12,480,Cash,Mrs.,Midnight,Monday,0,0
490,26-12-2022,Cold coffee,Beverages,40,8,320,Cash,Mr.,Morning,Monday,0,0
478,27-12-2022,Sugarcane juice,Beverages,25,9,225,Cash,Mrs.,Afternoon,Tuesday,0,0
810,27-12-2022,Vadapav,Fastfood,20,3,60,Online,Mr.,Morning,Tuesday,0,0
891,27-12-2022,Cold coffee,Beverages,40,11,440,Cash,Mr.,Midnight,Tuesday,0,0
54,28-12-2022,Panipuri,Fastfood,20,14,280,Online,Mrs.,Morning,Wednesday,0,0
718,28-12-2022,Aalopuri,Fastfood,20,2,40,Online,Mr.,Afternoon,Wednesday,0,0
312,28-12-2022,Cold coffee,Beverages,40,1,40,Cash,Mrs.,Night,Wednesday,0,0
188,28-12-2022,Panipuri,Fastfood,20,14,280,Cash,Mrs.,Night,Wednesday,0,0
130,28-12-2022,Sugarcane juice,Beverages,25,7,175,Cash,Mr.,Night,Wednesday,0,0
323,29-12-2022,Aalopuri,Fastfood,20,4,80,Cash,Mr.,Morning,Thursday,0,0
522,29-12-2022,Panipuri,Fastfood,20,13,260,Cash,Mrs.,Midnight,Thursday,0,0
754,29-12-2022,Sugarcane juice,Beverages,25,14,350,Cash,Mrs.,Evening,Thursday,0,0
568,29-12-2022,Panipuri,Fastfood,20,12,240,Unknown,Mrs.,Afternoon,Thursday,0,0
362,30-12-2022,Sugarcane juice,Beverages,25,2,50,Cash,Mr.,Morning,Friday,0,0
142,30-12-2022,Sugarcane juice,Beverages,25,12,300,Cash,Mrs.,Morning,Friday,0,0
456,31-12-2022,Cold coffee,Beverages,40,13,520,Unknown,Mrs.,Night,Saturday,1,0
903,01-01-2023,Aalopuri,Fastfood,20,15,300,Online,Mr.,Night,Sunday,1,0
545,01-01-2023,Sandwich,Fastfood,60,13,780,Online,Mrs.,Midnight,Sunday,1,0
210,02-01-2023,Sugarcane juice,Beverages,25,15,375,Unknown,Mr.,Night,Monday,0,0
569,02-01-2023,Cold coffee,Beverages,40,15,600,Online,Mrs.,Midnight,Monday,0,0
407,02-01-2023,Sugarcane juice,Beverages,25,2,50,Cash,Mr.,Evening,Monday,0,0
755,02-01-2023,Aalopuri,Fastfood,20,12,240,Cash,Mrs.,Night,Monday,0,0
895,03-01-2023,Sugarcane juice,Beverages,25,11,275,Cash,Mr.,Afternoon,Tuesday,0,0
184,03-01-2023,Cold coffee,Beverages,40,8,320,Cash,Mr.,Night,Tuesday,0,0
988,03-01-2023,Frankie,Fastfood,50,13,650,Unknown,Mrs.,Night,Tuesday,0,0
257,03-01-2023,Sandwich,Fastfood,60,10,600,Cash,Mrs.,Midnight,Tuesday,0,0
919,03-01-2023,Vadapav,Fastfood,20,8,160,Online,Mrs.,Evening,Tuesday,0,0
502,04-01-2023,Panipuri,Fastfood,20,13,260,Online,Mr.,Night,Wednesday,0,0
987,04-01-2023,Vadapav,Fastfood,20,3,60,Cash,Mrs.,Evening,Wednesday,0,0
640,04-01-2023,Sandwich,Fastfood,60,15,900,Online,Mr.,Night,Wednesday,0,0
274,04-01-2023,Sugarcane juice,Beverages,25,10,250,Online,Mr.,Night,Wednesday,0,0
977,05-01-2023,Aalopuri,Fastfood,20,1,20,Cash,Mr.,Evening,Thursday,0,0
165,05-01-2023,Sandwich,Fastfood,60,11,660,Cash,Mr.,Midnight,Thursday,0,0
37,05-01-2023,Frankie,Fastfood,50,10,500,Cash,Mr.,Night,Thursday,0,0
198,05-01-2023,Frankie,Fastfood,50,15,750,Cash,Mr.,Morning,Thursday,0,0
436,05-01-2023,Frankie,Fastfood,50,10,500,Cash,Mr.,Midnight,Thursday,0,0
527,06-01-2023,Sugarcane juice,Beverages,25,6,150,Cash,Mrs.,Afternoon,Friday,0,0
28,06-01-2023,Cold coffee,Beverages,40,10,400,Online,Mrs.,Afternoon,Friday,0,0
163,06-01-2023,Frankie,Fastfood,50,6,300,Online,Mrs.,Midnight,Friday,0,0
827,06-01-2023,Sandwich,Fastfood,60,12,720,Cash,Mr.,Midnight,Friday,0,0
984,07-01-2023,Frankie,Fastfood,50,3,150,Cash,Mr.,Afternoon,Saturday,1,0
949,07-01-2023,Panipuri,Fastfood,20,1,20,Cash,Mrs.,Evening,Saturday,1,0
657,10-01-2023,Cold coffee,Beverages,40,7,280,Unknown,Mr.,Midnight,Tuesday,0,0
329,10-01-2023,Panipuri,Fastfood,20,7,140,Online,Mrs.,Afternoon,Tuesday,0,0
69,10-01-2023,Vadapav,Fastfood,20,7,140,Cash,Mr.,Midnight,Tuesday,0,0
795,10-01-2023,Vadapav,Fastfood,20,9,180,Cash,Mr.,Evening,Tuesday,0,0
261,11-01-2023,Frankie,Fastfood,50,9,450,Cash,Mrs.,Midnight,Wednesday,0,0
799,11-01-2023,Panipuri,Fastfood,20,1,20,Online,Mrs.,Night,Wednesday,0,0
816,11-01-2023,Sugarcane juice,Beverages,25,11,275,Cash,Mr.,Morning,Wednesday,0,0
512,11-01-2023,Panipuri,Fastfood,20,3,60,Cash,Mrs.,Afternoon,Wednesday,0,0
466,11-01-2023,Panipuri,Fastfood,20,6,120,Cash,Mr.,Evening,Wednesday,0,0
472,11-01-2023,Panipuri,Fastfood,20,10,200,Unknown,Mr.,Midnight,Wednesday,0,0
115,12-01-2023,Aalopuri,Fastfood,20,13,260,Unknown,Mr.,Evening,Thursday,0,0
768,12-01-2023,Sandwich,Fastfood,60,14,840,Cash,Mr.,Afternoon,Thursday,0,0
185,13-01-2023,Sugarcane juice,Beverages,25,15,375,Unknown,Mr.,Night,Friday,0,0
398,13-01-2023,Panipuri,Fastfood,20,6,120,Online,Mr.,Evening,Friday,0,0
692,13-01-2023,Frankie,Fastfood,50,14,700,Online,Mr.,Afternoon,Friday,0,0
747,14-01-2023,Cold coffee,Beverages,40,3,120,Cash,Mrs.,Midnight,Saturday,1,1
135,14-01-2023,Aalopuri,Fastfood,20,8,160,Online,Mr.,Midnight,Saturday,1,1
494,14-01-2023,Cold coffee,Beverages,40,10,400,Cash,Mrs.,Night,Saturday,1,1
975,15-01-2023,Aalopuri,Fastfood,20,1,20,Cash,Mr.,Midnight,Sunday,1,0
465,15-01-2023,Sugarcane juice,Beverages,25,12,300,Online,Mr.,Evening,Sunday,1,0
292,16-01-2023,Frankie,Fastfood,50,2,100,Cash,Mrs.,Midnight,Monday,0,0
354,16-01-2023,Panipuri,Fastfood,20,14,280,Online,Mr.,Midnight,Monday,0,0
779,16-01-2023,Sandwich,Fastfood,60,13,780,Unknown,Mr.,Night,Monday,0,0
417,16-01-2023,Panipuri,Fastfood,20,3,60,Cash,Mr.,Evening,Monday,0,0
948,16-01-2023,Sandwich,Fastfood,60,10,600,Online,Mr.,Evening,Monday,0,0
447,17-01-2023,Frankie,Fastfood,50,6,300,Online,Mrs.,Afternoon,Tuesday,0,0
343,18-01-2023,Sugarcane juice,Beverages,25,5,125,Cash,Mr.,Afternoon,Wednesday,0,0
991,18-01-2023,Sandwich,Fastfood,60,7,420,Cash,Mrs.,Night,Wednesday,0,0
824,18-01-2023,Vadapav,Fastfood,20,2,40,Online,Mrs.,Evening,Wednesday,0,0
161,19-01-2023,Sugarcane juice,Beverages,25,12,300,Cash,Mr.,Evening,Thursday,0,0
131,19-01-2023,Sandwich,Fastfood,60,8,480,Cash,Mr.,Night,Thursday,0,0
629,20-01-2023,Sugarcane juice,Beverages,25,9,225,Cash,Mrs.,Evening,Friday,0,0
594,20-01-2023,Frankie,Fastfood,50,6,300,Cash,Mrs.,Morning,Friday,0,0
173,20-01-2023,Cold coffee,Beverages,40,2,80,Online,Mr.,Night,Friday,0,0
426,20-01-2023,Frankie,Fastfood,50,14,700,Cash,Mr.,Midnight,Friday,0,0
933,21-01-2023,Sugarcane juice,Beverages,25,15,375,Online,Mrs.,Afternoon,Saturday,1,0
659,21-01-2023,Panipuri,Fastfood,20,2,40,Online,Mr.,Afternoon,Saturday,1,0
414,21-01-2023,Cold coffee,Beverages,40,13,520,Unknown,Mr.,Night,Saturday,1,0
981,22-01-2023,Panipuri,Fastfood,20,15,300,Online,Mr.,Midnight,Sunday,1,0
802,23-01-2023,Sandwich,Fastfood,60,7,420,Online,Mrs.,Afternoon,Monday,0,0
865,23-01-2023,Sugarcane juice,Beverages,25,6,150,Cash,Mrs.,Night,Monday,0,0
861,24-01-2023,Sugarcane juice,Beverages,25,8,200,Cash,Mrs.,Night,Tuesday,0,0
899,24-01-2023,Aalopuri,Fastfood,20,7,140,Cash,Mr.,Midnight,Tuesday,0,0
537,25-01-2023,Panipuri,Fastfood,20,3,60,Cash,Mr.,Evening,Wednesday,0,0
497,25-01-2023,Sandwich,Fastfood,60,7,420,Cash,Mr.,Midnight,Wednesday,0,0
105,25-01-2023,Panipuri,Fastfood,20,8,160,Cash,Mrs.,Evening,Wednesday,0,0
666,25-01-2023,Panipuri,Fastfood,20,9,180,Cash,Mr.,Evening,Wednesday,0,0
867,26-01-2023,Frankie,Fastfood,50,15,750,Cash,Mr.,Midnight,Thursday,0,0
639,26-01-2023,Vadapav,Fastfood,20,14,280,Cash,Mrs.,Morning,Thursday,0,0
998,26-01-2023,Sandwich,Fastfood,60,13,780,Unknown,Mr.,Evening,Thursday,0,0
291,27-01-2023,Frankie,Fastfood,50,8,400,Online,Mrs.,Night,Friday,0,0
521,27-01-2023,Panipuri,Fastfood,20,14,280,Online,Mr.,Morning,Friday,0,0
955,27-01-2023,Sugarcane juice,Beverages,25,7,175,Online,Mr.,Afternoon,Friday,0,0
301,28-01-2023,Panipuri,Fastfood,20,7,140,Cash,Mr.,Night,Saturday,1,0
851,28-01-2023,Aalopuri,Fastfood,20,15,300,Online,Mrs.,Night,Saturday,1,0
974,28-01-2023,Vadapav,Fastfood,20,13,260,Online,Mr.,Afternoon,Saturday,1,0
30,28-01-2023,Frankie,Fastfood,50,2,100,Cash,Mrs.,Night,Saturday,1,0
284,29-01-2023,Frankie,Fastfood,50,7,350,Unknown,Mr.,Afternoon,Sunday,1,0
420,30-01-2023,Frankie,Fastfood,50,13,650,Online,Mrs.,Evening,Monday,0,0
150,30-01-2023,Cold coffee,Beverages,40,14,560,Cash,Mr.,Afternoon,Monday,0,0
395,31-01-2023,Sandwich,Fastfood,60,3,180,Cash,Mrs.,Evening,Tuesday,0,0
346,31-01-2023,Cold coffee,Beverages,40,12,480,Cash,Mr.,Morning,Tuesday,0,0
954,31-01-2023,Aalopuri,Fastfood,20,3,60,Cash,Mrs.,Midnight,Tuesday,0,0
482,31-01-2023,Aalopuri,Fastfood,20,1,20,Online,Mr.,Afternoon,Tuesday,0,0
750,01-02-2023,Frankie,Fastfood,50,1,50,Online,Mr.,Evening,Wednesday,0,0
199,01-02-2023,Frankie,Fastfood,50,6,300,Online,Mrs.,Morning,Wednesday,0,0
626,01-02-2023,Cold coffee,Beverages,40,15,600,Cash,Mr.,Night,Wednesday,0,0
75,02-02-2023,Cold coffee,Beverages,40,6,240,Online,Mrs.,Afternoon,Thursday,0,0
476,02-02-2023,Aalopuri,Fastfood,20,10,200,Cash,Mr.,Morning,Thursday,0,0
15,03-02-2023,Aalopuri,Fastfood,20,3,60,Cash,Mrs.,Evening,Friday,0,0
733,03-02-2023,Frankie,Fastfood,50,10,500,Cash,Mr.,Evening,Friday,0,0
58,03-02-2023,Vadapav,Fastfood,20,6,120,Online,Mrs.,Morning,Friday,0,0
489,03-02-2023,Frankie,Fastfood,50,13,650,Online,Mrs.,Evening,Friday,0,0
644,03-02-2023,Panipuri,Fastfood,20,5,100,Online,Mrs.,Evening,Friday,0,0
4,03-02-2023,Sugarcane juice,Beverages,25,6,150,Online,Mr.,Night,Friday,0,0
841,03-02-2023,Vadapav,Fastfood,20,9,180,Cash,Mr.,Night,Friday,0,0
34,04-02-2023,Frankie,Fastfood,50,12,600,Online,Mrs.,Evening,Saturday,1,0
77,04-02-2023,Sugarcane juice,Beverages,25,12,300,Cash,Mrs.,Midnight,Saturday,1,0
275,04-02-2023,Vadapav,Fastfood,20,15,300,Online,Mr.,Night,Saturday,1,0
33,05-02-2023,Aalopuri,Fastfood,20,13,260,Online,Mr.,Night,Sunday,1,0
663,05-02-2023,Sugarcane juice,Beverages,25,1,25,Online,Mr.,Night,Sunday,1,0
706,05-02-2023,Frankie,Fastfood,50,8,400,Online,Mr.,Night,Sunday,1,0
268,05-02-2023,Cold coffee,Beverages,40,12,480,Cash,Mrs.,Midnight,Sunday,1,0
193,05-02-2023,Cold coffee,Beverages,40,15,600,Online,Mrs.,Midnight,Sunday,1,0
533,05-02-2023,Frankie,Fastfood,50,2,100,Unknown,Mrs.,Night,Sunday,1,0
40,05-02-2023,Sandwich,Fastfood,60,5,300,Online,Mrs.,Night,Sunday,1,0
635,06-02-2023,Vadapav,Fastfood,20,15,300,Online,Mrs.,Night,Monday,0,0
612,06-02-2023,Aalopuri,Fastfood,20,3,60,Online,Mr.,Midnight,Monday,0,0
296,06-02-2023,Panipuri,Fastfood,20,7,140,Cash,Mrs.,Afternoon,Monday,0,0
940,07-02-2023,Sugarcane juice,Beverages,25,14,350,Online,Mrs.,Midnight,Tuesday,0,0
107,07-02-2023,Sandwich,Fastfood,60,4,240,Online,Mr.,Afternoon,Tuesday,0,0
776,07-02-2023,Frankie,Fastfood,50,10,500,Cash,Mr.,Midnight,Tuesday,0,0
609,07-02-2023,Aalopuri,Fastfood,20,14,280,Unknown,Mr.,Midnight,Tuesday,0,0
155,07-02-2023,Sugarcane juice,Beverages,25,10,250,Cash,Mrs.,Evening,Tuesday,0,0
321,08-02-2023,Frankie,Fastfood,50,12,600,Cash,Mrs.,Evening,Wednesday,0,0
957,08-02-2023,Panipuri,Fastfood,20,3,60,Online,Mrs.,Midnight,Wednesday,0,0
189,08-02-2023,Vadapav,Fastfood,20,12,240,Online,Mr.,Afternoon,Wednesday,0,0
641,09-02-2023,Vadapav,Fastfood,20,15,300,Cash,Mr.,Afternoon,Thursday,0,0
941,10-02-2023,Cold coffee,Beverages,40,10,400,Online,Mrs.,Morning,Friday,0,0
29,10-02-2023,Sugarcane juice,Beverages,25,9,225,Online,Mr.,Afternoon,Friday,0,0
24,11-02-2023,Sugarcane juice,Beverages,25,10,250,Online,Mr.,Afternoon,Saturday,1,0
505,12-02-2023,Frankie,Fastfood,50,4,200,Cash,Mr.,Night,Sunday,1,0
471,13-02-2023,Panipuri,Fastfood,20,7,140,Cash,Mrs.,Afternoon,Monday,0,0
621,13-02-2023,Aalopuri,Fastfood,20,2,40,Online,Mrs.,Evening,Monday,0,0
823,13-02-2023,Panipuri,Fastfood,20,11,220,Online,Mr.,Midnight,Monday,0,0
170,13-02-2023,Aalopuri,Fastfood,20,6,120,Unknown,Mrs.,Afternoon,Monday,0,0
307,13-02-2023,Vadapav,Fastfood,20,8,160,Cash,Mr.,Evening,Monday,0,0
479,13-02-2023,Sandwich,Fastfood,60,11,660,Cash,Mrs.,Afternoon,Monday,0,0
477,13-02-2023,Sandwich,Fastfood,60,15,900,Cash,Mrs.,Midnight,Monday,0,0
764,14-02-2023,Sandwich,Fastfood,60,7,420,Cash,Mrs.,Night,Tuesday,0,0
486,14-02-2023,Vadapav,Fastfood,20,6,120,Cash,Mrs.,Midnight,Tuesday,0,0
913,15-02-2023,Frankie,Fastfood,50,15,750,Online,Mr.,Evening,Wednesday,0,0
379,15-02-2023,Cold coffee,Beverages,40,14,560,Unknown,Mr.,Afternoon,Wednesday,0,0
662,15-02-2023,Panipuri,Fastfood,20,3,60,Online,Mrs.,Afternoon,Wednesday,0,0
723,16-02-2023,Cold coffee,Beverages,40,10,400,Online,Mr.,Evening,Thursday,0,0
339,16-02-2023,Sugarcane juice,Beverages,25,1,25,Unknown,Mrs.,Midnight,Thursday,0,0
593,16-02-2023,Sugarcane juice,Beverages,25,9,225,Cash,Mrs.,Evening,Thursday,0,0
332,17-02-2023,Aalopuri,Fastfood,20,2,40,Unknown,Mrs.,Afternoon,Friday,0,0
935,17-02-2023,Sandwich,Fastfood,60,12,720,Cash,Mr.,Midnight,Friday,0,0
853,17-02-2023,Cold coffee,Beverages,40,3,120,Online,Mrs.,Midnight,Friday,0,0
840,18-02-2023,Cold coffee,Beverages,40,15,600,Unknown,Mrs.,Midnight,Saturday,1,0
939,19-02-2023,Vadapav,Fastfood,20,15,300,Online,Mr.,Midnight,Sunday,1,0
315,20-02-2023,Cold coffee,Beverages,40,13,520,Online,Mrs.,Afternoon,Monday,0,0
207,20-02-2023,Cold coffee,Beverages,40,8,320,Online,Mrs.,Evening,Monday,0,0
946,21-02-2023,Sandwich,Fastfood,60,8,480,Cash,Mr.,Midnight,Tuesday,0,0
909,21-02-2023,Cold coffee,Beverages,40,12,480,Online,Mrs.,Morning,Tuesday,0,0
595,22-02-2023,Frankie,Fastfood,50,9,450,Online,Mr.,Afternoon,Wednesday,0,0
770,22-02-2023,Aalopuri,Fastfood,20,8,160,Cash,Mrs.,Morning,Wednesday,0,0
709,22-02-2023,Cold coffee,Beverages,40,6,240,Cash,Mr.,Morning,Wednesday,0,0
167,23-02-2023,Cold coffee,Beverages,40,6,240,Cash,Mrs.,Morning,Thursday,0,0
48,23-02-2023,Sandwich,Fastfood,60,14,840,Online,Mr.,Afternoon,Thursday,0,0
696,23-02-2023,Sugarcane juice,Beverages,25,3,75,Online,Mrs.,Evening,Thursday,0,0
157,24-02-2023,Frankie,Fastfood,50,7,350,Online,Mrs.,Midnight,Friday,0,0
820,24-02-2023,Aalopuri,Fastfood,20,3,60,Unknown,Mr.,Midnight,Friday,0,0
112,24-02-2023,Sandwich,Fastfood,60,7,420,Cash,Mr.,Morning,Friday,0,0
475,24-02-2023,Cold coffee,Beverages,40,6,240,Cash,Mrs.,Night,Friday,0,0
106,25-02-2023,Frankie,Fastfood,50,9,450,Cash,Mrs.,Evening,Saturday,1,0
792,25-02-2023,Vadapav,Fastfood,20,2,40,Cash,Mrs.,Morning,Saturday,1,0
485,26-02-2023,Aalopuri,Fastfood,20,6,120,Cash,Mrs.,Midnight,Sunday,1,0
381,26-02-2023,Vadapav,Fastfood,20,1,20,Online,Mr.,Morning,Sunday,1,0
767,26-02-2023,Frankie,Fastfood,50,8,400,Cash,Mrs.,Afternoon,Sunday,1,0
139,26-02-2023,Frankie,Fastfood,50,11,550,Online,Mrs.,Night,Sunday,1,0
314,27-02-2023,Frankie,Fastfood,50,8,400,Online,Mrs.,Morning,Monday,0,0
926,27-02-2023,Frankie,Fastfood,50,15,750,Cash,Mrs.,Afternoon,Monday,0,0
556,27-02-2023,Vadapav,Fastfood,20,9,180,Cash,Mrs.,Night,Monday,0,0
608,28-02-2023,Aalopuri,Fastfood,20,1,20,Online,Mr.,Midnight,Tuesday,0,0
818,28-02-2023,Frankie,Fastfood,50,6,300,Cash,Mr.,Night,Tuesday,0,0
536,01-03-2023,Sugarcane juice,Beverages,25,7,175,Cash,Mrs.,Evening,Wednesday,0,0
884,01-03-2023,Vadapav,Fastfood,20,12,240,Online,Mr.,Night,Wednesday,0,0
738,01-03-2023,Sandwich,Fastfood,60,4,240,Online,Mrs.,Morning,Wednesday,0,0
914,01-03-2023,Sandwich,Fastfood,60,14,840,Cash,Mr.,Night,Wednesday,0,0
455,01-03-2023,Cold coffee,Beverages,40,11,440,Cash,Mr.,Midnight,Wednesday,0,0
325,02-03-2023,Aalopuri,Fastfood,20,12,240,Unknown,Mrs.,Afternoon,Thursday,0,0
811,02-03-2023,Aalopuri,Fastfood,20,13,260,Cash,Mr.,Afternoon,Thursday,0,0
171,02-03-2023,Vadapav,Fastfood,20,11,220,Cash,Mrs.,Midnight,Thursday,0,0
898,02-03-2023,Frankie,Fastfood,50,8,400,Cash,Mr.,Afternoon,Thursday,0,0
84,03-03-2023,Panipuri,Fastfood,20,13,260,Cash,Mr.,Midnight,Friday,0,0
890,03-03-2023,Sugarcane juice,Beverages,25,5,125,Cash,Mrs.,Morning,Friday,0,0
179,03-03-2023,Sugarcane juice,Beverages,25,5,125,Unknown,Mrs.,Midnight,Friday,0,0
306,03-03-2023,Cold coffee,Beverages,40,8,320,Online,Mrs.,Morning,Friday,0,0
654,04-03-2023,Vadapav,Fastfood,20,9,180,Cash,Mrs.,Morning,Saturday,1,0
400,04-03-2023,Cold coffee,Beverages,40,15,600,Cash,Mrs.,Morning,Saturday,1,0
262,05-03-2023,Vadapav,Fastfood,20,5,100,Unknown,Mrs.,Evening,Sunday,1,0
585,05-03-2023,Vadapav,Fastfood,20,11,220,Cash,Mrs.,Morning,Sunday,1,0
267,05-03-2023,Vadapav,Fastfood,20,1,20,Cash,Mr.,Morning,Sunday,1,0
305,05-03-2023,Panipuri,Fastfood,20,4,80,Unknown,Mrs.,Morning,Sunday,1,0
908,06-03-2023,Sandwich,Fastfood,60,7,420,Cash,Mrs.,Night,Monday,0,0
454,07-03-2023,Sandwich,Fastfood,60,1,60,Online,Mrs.,Evening,Tuesday,0,0
216,07-03-2023,Panipuri,Fastfood,20,9,180,Cash,Mrs.,Afternoon,Tuesday,0,0
38,08-03-2023,Panipuri,Fastfood,20,12,240,Online,Mrs.,Night,Wednesday,0,1
624,08-03-2023,Sandwich,Fastfood,60,9,540,Cash,Mrs.,Morning,Wednesday,0,1
554,09-03-2023,Panipuri,Fastfood,20,4,80,Cash,Mrs.,Afternoon,Thursday,0,0
731,09-03-2023,Frankie,Fastfood,50,10,500,Cash,Mrs.,Afternoon,Thursday,0,0
412,09-03-2023,Sugarcane juice,Beverages,25,14,350,Unknown,Mr.,Afternoon,Thursday,0,0
117,09-03-2023,Frankie,Fastfood,50,7,350,Online,Mrs.,Evening,Thursday,0,0
72,09-03-2023,Frankie,Fastfood,50,13,650,Online,Mr.,Afternoon,Thursday,0,0
86,09-03-2023,Aalopuri,Fastfood,20,15,300,Cash,Mr.,Morning,Thursday,0,0
317,10-03-2023,Aalopuri,Fastfood,20,12,240,Online,Mrs.,Afternoon,Friday,0,0
862,10-03-2023,Frankie,Fastfood,50,7,350,Online,Mr.,Night,Friday,0,0
972,11-03-2023,Aalopuri,Fastfood,20,1,20,Cash,Mrs.,Afternoon,Saturday,1,0
342,11-03-2023,Vadapav,Fastfood,20,7,140,Online,Mr.,Afternoon,Saturday,1,0
904,12-03-2023,Aalopuri,Fastfood,20,4,80,Cash,Mrs.,Midnight,Sunday,1,0
786,13-03-2023,Sandwich,Fastfood,60,14,840,Online,Mrs.,Night,Monday,0,0
102,13-03-2023,Cold coffee,Beverages,40,14,560,Cash,Mr.,Morning,Monday,0,0
961,14-03-2023,Frankie,Fastfood,50,13,650,Cash,Mr.,Night,Tuesday,0,0
103,14-03-2023,Cold coffee,Beverages,40,8,320,Online,Mrs.,Midnight,Tuesday,0,0
708,15-03-2023,Sandwich,Fastfood,60,5,300,Cash,Mrs.,Midnight,Wednesday,0,0
451,15-03-2023,Sugarcane juice,Beverages,25,10,250,Cash,Mrs.,Midnight,Wednesday,0,0
710,15-03-2023,Sandwich,Fastfood,60,15,900,Unknown,Mr.,Night,Wednesday,0,0
186,15-03-2023,Frankie,Fastfood,50,2,100,Online,Mr.,Afternoon,Wednesday,0,0
774,15-03-2023,Vadapav,Fastfood,20,1,20,Online,Mrs.,Night,Wednesday,0,0
355,15-03-2023,Cold coffee,Beverages,40,4,160,Online,Mr.,Midnight,Wednesday,0,0
431,16-03-2023,Panipuri,Fastfood,20,6,120,Online,Mr.,Evening,Thursday,0,0
225,16-03-2023,Frankie,Fastfood,50,11,550,Cash,Mrs.,Evening,Thursday,0,0
52,16-03-2023,Sugarcane juice,Beverages,25,12,300,Cash,Mrs.,Midnight,Thursday,0,0
256,16-03-2023,Aalopuri,Fastfood,20,3,60,Online,Mrs.,Midnight,Thursday,0,0
983,17-03-2023,Cold coffee,Beverages,40,10,400,Unknown,Mrs.,Night,Friday,0,0
387,17-03-2023,Sugarcane juice,Beverages,25,14,350,Cash,Mrs.,Midnight,Friday,0,0
320,18-03-2023,Sugarcane juice,Beverages,25,7,175,Cash,Mrs.,Afternoon,Saturday,1,0
669,18-03-2023,Sandwich,Fastfood,60,11,660,Online,Mr.,Evening,Saturday,1,0
996,19-03-2023,Frankie,Fastfood,50,10,500,Unknown,Mrs.,Evening,Sunday,1,0
894,19-03-2023,Sandwich,Fastfood,60,15,900,Cash,Mr.,Morning,Sunday,1,0
148,19-03-2023,Sandwich,Fastfood,60,13,780,Online,Mr.,Evening,Sunday,1,0
341,19-03-2023,Frankie,Fastfood,50,9,450,Cash,Mrs.,Evening,Sunday,1,0
402,19-03-2023,Frankie,Fastfood,50,7,350,Cash,Mr.,Night,Sunday,1,0
966,19-03-2023,Panipuri,Fastfood,20,11,220,Online,Mrs.,Morning,Sunday,1,0
137,19-03-2023,Sugarcane juice,Beverages,25,6,150,Unknown,Mr.,Afternoon,Sunday,1,0
772,20-03-2023,Cold coffee,Beverages,40,9,360,Cash,Mr.,Evening,Monday,0,0
484,21-03-2023,Cold coffee,Beverages,40,5,200,Cash,Mrs.,Afternoon,Tuesday,0,0
302,21-03-2023,Aalopuri,Fastfood,20,14,280,Cash,Mr.,Night,Tuesday,0,0
91,22-03-2023,Cold coffee,Beverages,40,6,240,Unknown,Mrs.,Evening,Wednesday,0,0
224,23-03-2023,Sugarcane juice,Beverages,25,14,350,Cash,Mr.,Afternoon,Thursday,0,0
576,23-03-2023,Panipuri,Fastfood,20,12,240,Cash,Mrs.,Afternoon,Thursday,0,0
217,23-03-2023,Cold coffee,Beverages,40,10,400,Cash,Mr.,Morning,Thursday,0,0
421,24-03-2023,Cold coffee,Beverages,40,2,80,Online,Mr.,Midnight,Friday,0,0
702,25-03-2023,Cold coffee,Beverages,40,13,520,Cash,Mrs.,Afternoon,Saturday,1,0
787,25-03-2023,Aalopuri,Fastfood,20,2,40,Cash,Mrs.,Afternoon,Saturday,1,0
156,25-03-2023,Panipuri,Fastfood,20,14,280,Cash,Mr.,Midnight,Saturday,1,0
252,26-03-2023,Vadapav,Fastfood,20,8,160,Online,Mr.,Midnight,Sunday,1,0
221,26-03-2023,Sandwich,Fastfood,60,1,60,Online,Mr.,Evening,Sunday,1,0
101,26-03-2023,Vadapav,Fastfood,20,3,60,Online,Mrs.,Morning,Sunday,1,0
775,27-03-2023,Sandwich,Fastfood,60,6,360,Cash,Mr.,Night,Monday,0,0
432,27-03-2023,Panipuri,Fastfood,20,6,120,Online,Mr.,Afternoon,Monday,0,0
532,27-03-2023,Panipuri,Fastfood,20,13,260,Online,Mrs.,Midnight,Monday,0,0
590,27-03-2023,Panipuri,Fastfood,20,15,300,Online,Mr.,Midnight,Monday,0,0
97,29-03-2023,Cold coffee,Beverages,40,13,520,Online,Mr.,Evening,Wednesday,0,0
548,29-03-2023,Cold coffee,Beverages,40,14,560,Cash,Mr.,Afternoon,Wednesday,0,0
982,30-03-2023,Sugarcane juice,Beverages,25,14,350,Cash,Mrs.,Night,Thursday,0,0
