order_id,date,item_name,item_type,item_price,quantity,transaction_amount,transaction_type,received_by,time_of_sale,day_of_week,is_weekend
691,2022-04-01,Sandwich,Fastfood,60,7,420,Cash,Mrs.,Evening,Friday,0
623,2022-04-02,Cold coffee,Beverages,40,15,600,Cash,Mr.,Midnight,Saturday,1
572,2022-04-02,Sandwich,Fastfood,60,15,900,Cash,Mr.,Afternoon,Saturday,1
520,2022-04-03,Panipuri,Fastfood,20,11,220,Online,Mrs.,Night,Sunday,1
413,2022-04-03,Aalopuri,Fastfood,20,10,200,Online,Mrs.,Midnight,Sunday,1
394,2022-04-03,Sandwich,Fastfood,60,1,60,Cash,Mrs.,Morning,Sunday,1
605,2022-04-04,Cold coffee,Beverages,40,15,600,Unknown,Mrs.,Afternoon,Monday,0
510,2022-04-04,Sandwich,Fastfood,60,14,840,Online,Mr.,Afternoon,Monday,0
334,2022-04-04,Cold coffee,Beverages,40,4,160,Cash,Mrs.,Evening,Monday,0
906,2022-04-04,Sandwich,Fastfood,60,15,900,Cash,Mr.,Afternoon,Monday,0
66,2022-04-05,Frankie,Fastfood,50,2,100,Cash,Mrs.,Morning,Tuesday,0
650,2022-04-07,Sandwich,Fastfood,60,13,780,Online,Mrs.,Morning,Thursday,0
928,2022-04-07,Sandwich,Fastfood,60,11,660,Online,Mr.,Evening,Thursday,0
791,2022-04-07,Vadapav,Fastfood,20,3,60,Unknown,Mr.,Midnight,Thursday,0
500,2022-04-08,Vadapav,Fastfood,20,4,80,Online,Mrs.,Midnight,Friday,0
618,2022-04-08,Frankie,Fastfood,50,1,50,Online,Mr.,Evening,Friday,0
126,2022-04-08,Panipuri,Fastfood,20,11,220,Online,Mrs.,Night,Friday,0
587,2022-04-09,Aalopuri,Fastfood,20,10,200,Cash,Mrs.,Night,Saturday,1
606,2022-04-09,Cold coffee,Beverages,40,6,240,Cash,Mrs.,Night,Saturday,1
762,2022-04-09,Vadapav,Fastfood,20,12,240,Online,Mrs.,Midnight,Saturday,1
911,2022-04-09,Sandwich,Fastfood,60,1,60,Cash,Mr.,Evening,Saturday,1
543,2022-04-10,Aalopuri,Fastfood,20,15,300,Cash,Mrs.,Evening,Sunday,1
925,2022-04-10,Frankie,Fastfood,50,4,200,Online,Mrs.,Afternoon,Sunday,1
125,2022-04-10,Vadapav,Fastfood,20,7,140,Cash,Mrs.,Midnight,Sunday,1
203,2022-04-11,Vadapav,Fastfood,20,6,120,Online,Mrs.,Midnight,Monday,0
715,2022-04-12,Sandwich,Fastfood,60,1,60,Online,Mr.,Morning,Tuesday,0
889,2022-04-12,Vadapav,Fastfood,20,10,200,Online,Mr.,Midnight,Tuesday,0
16,2022-04-14,Sandwich,Fastfood,60,11,660,Unknown,Mrs.,Midnight,Thursday,0
549,2022-04-15,Sugarcane juice,Beverages,25,3,75,Online,Mr.,Afternoon,Friday,0
231,2022-04-16,Sugarcane juice,Beverages,25,3,75,Unknown,Mr.,Night,Saturday,1
555,2022-04-16,Sandwich,Fastfood,60,6,360,Cash,Mrs.,Evening,Saturday,1
230,2022-04-16,Frankie,Fastfood,50,6,300,Online,Mr.,Afternoon,Saturday,1
248,2022-04-17,Frankie,Fastfood,50,5,250,Online,Mrs.,Midnight,Sunday,1
675,2022-04-17,Sandwich,Fastfood,60,12,720,Cash,Mr.,Night,Sunday,1
976,2022-04-17,Sugarcane juice,Beverages,25,11,275,Unknown,Mrs.,Morning,Sunday,1
211,2022-04-18,Aalopuri,Fastfood,20,12,240,Cash,Mr.,Morning,Monday,0
313,2022-04-19,Cold coffee,Beverages,40,1,40,Cash,Mr.,Midnight,Tuesday,0
168,2022-04-19,Sandwich,Fastfood,60,4,240,Cash,Mrs.,Midnight,Tuesday,0
815,2022-04-20,Cold coffee,Beverages,40,12,480,Online,Mrs.,Afternoon,Wednesday,0
680,2022-04-20,Cold coffee,Beverages,40,4,160,Cash,Mr.,Night,Wednesday,0
846,2022-04-20,Aalopuri,Fastfood,20,5,100,Online,Mr.,Afternoon,Wednesday,0
391,2022-04-21,Aalopuri,Fastfood,20,1,20,Online,Mrs.,Night,Thursday,0
424,2022-04-21,Sugarcane juice,Beverages,25,9,225,Online,Mrs.,Midnight,Thursday,0
293,2022-04-21,Panipuri,Fastfood,20,8,160,Online,Mrs.,Morning,Thursday,0
694,2022-04-22,Panipuri,Fastfood,20,14,280,Cash,Mr.,Midnight,Friday,0
882,2022-04-23,Panipuri,Fastfood,20,9,180,Online,Mr.,Morning,Saturday,1
195,2022-04-23,Sandwich,Fastfood,60,4,240,Cash,Mrs.,Night,Saturday,1
581,2022-04-23,Sugarcane juice,Beverages,25,13,325,Cash,Mr.,Afternoon,Saturday,1
232,2022-04-23,Vadapav,Fastfood,20,13,260,Cash,Mrs.,Night,Saturday,1
462,2022-04-24,Vadapav,Fastfood,20,3,60,Cash,Mr.,Morning,Sunday,1
378,2022-04-24,Vadapav,Fastfood,20,2,40,Cash,Mrs.,Midnight,Sunday,1
122,2022-04-24,Panipuri,Fastfood,20,3,60,Unknown,Mrs.,Night,Sunday,1
385,2022-04-25,Vadapav,Fastfood,20,5,100,Cash,Mr.,Morning,Monday,0
310,2022-04-25,Vadapav,Fastfood,20,4,80,Cash,Mr.,Afternoon,Monday,0
636,2022-04-26,Cold coffee,Beverages,40,12,480,Unknown,Mr.,Morning,Tuesday,0
238,2022-04-26,Vadapav,Fastfood,20,13,260,Cash,Mr.,Morning,Tuesday,0
596,2022-04-26,Cold coffee,Beverages,40,1,40,Online,Mrs.,Night,Tuesday,0
190,2022-04-26,Cold coffee,Beverages,40,1,40,Online,Mr.,Evening,Tuesday,0
483,2022-04-27,Panipuri,Fastfood,20,9,180,Cash,Mrs.,Morning,Wednesday,0
579,2022-04-27,Panipuri,Fastfood,20,2,40,Cash,Mr.,Evening,Wednesday,0
801,2022-04-28,Aalopuri,Fastfood,20,7,140,Cash,Mrs.,Evening,Thursday,0
783,2022-04-29,Aalopuri,Fastfood,20,8,160,Cash,Mr.,Morning,Friday,0
956,2022-04-30,Frankie,Fastfood,50,13,650,Online,Mr.,Morning,Saturday,1
297,2022-04-30,Sandwich,Fastfood,60,10,600,Online,Mr.,Evening,Saturday,1
986,2022-04-30,Sugarcane juice,Beverages,25,13,325,Online,Mr.,Night,Saturday,1
255,2022-04-30,Vadapav,Fastfood,20,7,140,Unknown,Mrs.,Afternoon,Saturday,1
524,2022-05-01,Aalopuri,Fastfood,20,13,260,Online,Mr.,Afternoon,Sunday,1
628,2022-05-02,Cold coffee,Beverages,40,10,400,Unknown,Mrs.,Night,Monday,0
271,2022-05-03,Vadapav,Fastfood,20,13,260,Cash,Mr.,Evening,Tuesday,0
7,2022-05-03,Sugarcane juice,Beverages,25,9,225,Cash,Mr.,Evening,Tuesday,0
326,2022-05-03,Sandwich,Fastfood,60,8,480,Cash,Mr.,Evening,Tuesday,0
290,2022-05-03,Panipuri,Fastfood,20,7,140,Cash,Mrs.,Morning,Tuesday,0
676,2022-05-04,Frankie,Fastfood,50,7,350,Cash,Mrs.,Evening,Wednesday,0
844,2022-05-04,Sugarcane juice,Beverages,25,13,325,Cash,Mr.,Morning,Wednesday,0
856,2022-05-04,Aalopuri,Fastfood,20,11,220,Cash,Mrs.,Night,Wednesday,0
525,2022-05-04,Vadapav,Fastfood,20,3,60,Cash,Mr.,Midnight,Wednesday,0
697,2022-05-05,Sugarcane juice,Beverages,25,5,125,Cash,Mr.,Midnight,Thursday,0
852,2022-05-05,Sugarcane juice,Beverages,25,8,200,Online,Mr.,Night,Thursday,0
322,2022-05-05,Cold coffee,Beverages,40,11,440,Cash,Mr.,Morning,Thursday,0
212,2022-05-05,Cold coffee,Beverages,40,12,480,Online,Mrs.,Morning,Thursday,0
665,2022-05-06,Aalopuri,Fastfood,20,14,280,Online,Mrs.,Evening,Friday,0
383,2022-05-06,Aalopuri,Fastfood,20,7,140,Online,Mrs.,Morning,Friday,0
338,2022-05-06,Sugarcane juice,Beverages,25,12,300,Cash,Mr.,Morning,Friday,0
32,2022-05-06,Aalopuri,Fastfood,20,4,80,Unknown,Mr.,Morning,Friday,0
162,2022-05-07,Aalopuri,Fastfood,20,11,220,Cash,Mr.,Midnight,Saturday,1
55,2022-05-07,Sandwich,Fastfood,60,10,600,Cash,Mr.,Night,Saturday,1
46,2022-05-07,Vadapav,Fastfood,20,7,140,Cash,Mr.,Evening,Saturday,1
964,2022-05-07,Cold coffee,Beverages,40,8,320,Cash,Mr.,Evening,Saturday,1
610,2022-05-08,Frankie,Fastfood,50,13,650,Online,Mrs.,Evening,Sunday,1
839,2022-05-08,Sugarcane juice,Beverages,25,4,100,Cash,Mrs.,Afternoon,Sunday,1
805,2022-05-08,Sugarcane juice,Beverages,25,1,25,Online,Mr.,Afternoon,Sunday,1
373,2022-05-08,Sugarcane juice,Beverages,25,12,300,Cash,Mrs.,Midnight,Sunday,1
435,2022-05-08,Sandwich,Fastfood,60,1,60,Cash,Mrs.,Afternoon,Sunday,1
100,2022-05-08,Panipuri,Fastfood,20,11,220,Unknown,Mr.,Morning,Sunday,1
874,2022-05-09,Cold coffee,Beverages,40,4,160,Cash,Mr.,Midnight,Monday,0
345,2022-05-09,Panipuri,Fastfood,20,14,280,Online,Mrs.,Night,Monday,0
42,2022-05-09,Aalopuri,Fastfood,20,8,160,Online,Mrs.,Night,Monday,0
363,2022-05-09,Frankie,Fastfood,50,9,450,Online,Mr.,Afternoon,Monday,0
719,2022-05-09,Vadapav,Fastfood,20,15,300,Cash,Mrs.,Midnight,Monday,0
873,2022-05-09,Sugarcane juice,Beverages,25,1,25,Online,Mr.,Night,Monday,0
70,2022-05-09,Cold coffee,Beverages,40,14,560,Unknown,Mrs.,Morning,Monday,0
642,2022-05-09,Cold coffee,Beverages,40,10,400,Online,Mrs.,Morning,Monday,0
720,2022-05-10,Frankie,Fastfood,50,14,700,Cash,Mrs.,Morning,Tuesday,0
668,2022-05-11,Aalopuri,Fastfood,20,4,80,Online,Mr.,Morning,Wednesday,0
119,2022-05-12,Panipuri,Fastfood,20,10,200,Cash,Mr.,Evening,Thursday,0
95,2022-05-12,Sugarcane juice,Beverages,25,8,200,Online,Mr.,Night,Thursday,0
944,2022-05-12,Aalopuri,Fastfood,20,2,40,Cash,Mr.,Midnight,Thursday,0
582,2022-05-12,Aalopuri,Fastfood,20,13,260,Cash,Mr.,Morning,Thursday,0
344,2022-05-13,Cold coffee,Beverages,40,14,560,Cash,Mr.,Night,Friday,0
220,2022-05-13,Sugarcane juice,Beverages,25,1,25,Cash,Mr.,Afternoon,Friday,0
92,2022-05-13,Aalopuri,Fastfood,20,15,300,Cash,Mr.,Afternoon,Friday,0
547,2022-05-14,Cold coffee,Beverages,40,10,400,Online,Mr.,Morning,Saturday,1
688,2022-05-14,Frankie,Fastfood,50,5,250,Online,Mr.,Afternoon,Saturday,1
39,2022-05-14,Vadapav,Fastfood,20,2,40,Online,Mr.,Evening,Saturday,1
637,2022-05-14,Aalopuri,Fastfood,20,7,140,Cash,Mr.,Midnight,Saturday,1
529,2022-05-15,Aalopuri,Fastfood,20,12,240,Unknown,Mrs.,Afternoon,Sunday,1
917,2022-05-15,Vadapav,Fastfood,20,15,300,Online,Mr.,Evening,Sunday,1
67,2022-05-15,Aalopuri,Fastfood,20,9,180,Cash,Mr.,Midnight,Sunday,1
945,2022-05-15,Cold coffee,Beverages,40,2,80,Online,Mrs.,Afternoon,Sunday,1
469,2022-05-15,Sandwich,Fastfood,60,7,420,Online,Mrs.,Morning,Sunday,1
158,2022-05-16,Aalopuri,Fastfood,20,2,40,Unknown,Mr.,Midnight,Monday,0
534,2022-05-16,Vadapav,Fastfood,20,2,40,Online,Mrs.,Night,Monday,0
51,2022-05-16,Frankie,Fastfood,50,15,750,Online,Mrs.,Morning,Monday,0
282,2022-05-16,Vadapav,Fastfood,20,13,260,Unknown,Mrs.,Morning,Monday,0
147,2022-05-17,Panipuri,Fastfood,20,7,140,Online,Mr.,Evening,Tuesday,0
962,2022-05-18,Frankie,Fastfood,50,13,650,Online,Mrs.,Afternoon,Wednesday,0
353,2022-05-18,Vadapav,Fastfood,20,4,80,Online,Mrs.,Midnight,Wednesday,0
837,2022-05-19,Aalopuri,Fastfood,20,7,140,Cash,Mr.,Midnight,Thursday,0
677,2022-05-19,Cold coffee,Beverages,40,3,120,Online,Mrs.,Morning,Thursday,0
450,2022-05-20,Sugarcane juice,Beverages,25,1,25,Online,Mr.,Morning,Friday,0
191,2022-05-20,Sugarcane juice,Beverages,25,14,350,Cash,Mrs.,Morning,Friday,0
685,2022-05-20,Aalopuri,Fastfood,20,3,60,Cash,Mrs.,Afternoon,Friday,0
377,2022-05-20,Sugarcane juice,Beverages,25,3,75,Online,Mrs.,Evening,Friday,0
652,2022-05-21,Cold coffee,Beverages,40,13,520,Online,Mrs.,Afternoon,Saturday,1
817,2022-05-21,Aalopuri,Fastfood,20,12,240,Cash,Mrs.,Evening,Saturday,1
979,2022-05-21,Aalopuri,Fastfood,20,13,260,Cash,Mrs.,Midnight,Saturday,1
427,2022-05-21,Sandwich,Fastfood,60,2,120,Online,Mr.,Afternoon,Saturday,1
798,2022-05-22,Frankie,Fastfood,50,12,600,Unknown,Mr.,Night,Sunday,1
586,2022-05-22,Sandwich,Fastfood,60,15,900,Online,Mr.,Night,Sunday,1
35,2022-05-22,Vadapav,Fastfood,20,8,160,Cash,Mr.,Morning,Sunday,1
958,2022-05-22,Sandwich,Fastfood,60,11,660,Online,Mrs.,Night,Sunday,1
806,2022-05-23,Vadapav,Fastfood,20,3,60,Online,Mr.,Evening,Monday,0
678,2022-05-23,Aalopuri,Fastfood,20,3,60,Online,Mr.,Evening,Monday,0
80,2022-05-24,Frankie,Fastfood,50,13,650,Cash,Mr.,Evening,Tuesday,0
633,2022-05-24,Cold coffee,Beverages,40,3,120,Online,Mr.,Evening,Tuesday,0
842,2022-05-25,Panipuri,Fastfood,20,2,40,Cash,Mrs.,Evening,Wednesday,0
834,2022-05-25,Sugarcane juice,Beverages,25,14,350,Cash,Mr.,Evening,Wednesday,0
881,2022-05-25,Sandwich,Fastfood,60,2,120,Cash,Mr.,Midnight,Wednesday,0
352,2022-05-25,Frankie,Fastfood,50,11,550,Cash,Mrs.,Night,Wednesday,0
356,2022-05-26,Sugarcane juice,Beverages,25,14,350,Cash,Mrs.,Night,Thursday,0
43,2022-05-26,Vadapav,Fastfood,20,1,20,Cash,Mr.,Night,Thursday,0
23,2022-05-26,Sandwich,Fastfood,60,3,180,Online,Mr.,Midnight,Thursday,0
781,2022-05-27,Aalopuri,Fastfood,20,10,200,Online,Mr.,Midnight,Friday,0
433,2022-05-27,Panipuri,Fastfood,20,14,280,Online,Mrs.,Evening,Friday,0
487,2022-05-27,Sandwich,Fastfood,60,9,540,Cash,Mrs.,Midnight,Friday,0
648,2022-05-27,Sandwich,Fastfood,60,7,420,Cash,Mr.,Night,Friday,0
540,2022-05-27,Vadapav,Fastfood,20,13,260,Cash,Mr.,Afternoon,Friday,0
630,2022-05-27,Frankie,Fastfood,50,7,350,Unknown,Mrs.,Morning,Friday,0
304,2022-05-28,Vadapav,Fastfood,20,15,300,Online,Mr.,Morning,Saturday,1
370,2022-05-28,Panipuri,Fastfood,20,5,100,Unknown,Mrs.,Midnight,Saturday,1
1000,2022-05-29,Aalopuri,Fastfood,20,3,60,Online,Mrs.,Midnight,Sunday,1
87,2022-05-29,Aalopuri,Fastfood,20,8,160,Cash,Mr.,Night,Sunday,1
923,2022-05-30,Cold coffee,Beverages,40,3,120,Online,Mr.,Morning,Monday,0
653,2022-05-30,Frankie,Fastfood,50,10,500,Online,Mrs.,Midnight,Monday,0
491,2022-05-31,Vadapav,Fastfood,20,2,40,Online,Mrs.,Midnight,Tuesday,0
583,2022-05-31,Frankie,Fastfood,50,8,400,Cash,Mr.,Night,Tuesday,0
166,2022-06-01,Panipuri,Fastfood,20,6,120,Cash,Mrs.,Evening,Wednesday,0
340,2022-06-02,Cold coffee,Beverages,40,4,160,Cash,Mrs.,Evening,Thursday,0
752,2022-06-04,Panipuri,Fastfood,20,2,40,Online,Mrs.,Morning,Saturday,1
647,2022-06-05,Vadapav,Fastfood,20,3,60,Cash,Mr.,Afternoon,Sunday,1
538,2022-06-05,Panipuri,Fastfood,20,7,140,Online,Mr.,Morning,Sunday,1
241,2022-06-06,Sugarcane juice,Beverages,25,2,50,Cash,Mr.,Afternoon,Monday,0
739,2022-06-06,Aalopuri,Fastfood,20,11,220,Online,Mr.,Night,Monday,0
929,2022-06-06,Frankie,Fastfood,50,9,450,Online,Mrs.,Night,Monday,0
832,2022-06-06,Sugarcane juice,Beverages,25,4,100,Cash,Mr.,Morning,Monday,0
973,2022-06-07,Sugarcane juice,Beverages,25,1,25,Unknown,Mrs.,Morning,Tuesday,0
769,2022-06-07,Frankie,Fastfood,50,8,400,Cash,Mr.,Morning,Tuesday,0
459,2022-06-08,Vadapav,Fastfood,20,14,280,Cash,Mr.,Night,Wednesday,0
123,2022-06-09,Cold coffee,Beverages,40,6,240,Online,Mr.,Evening,Thursday,0
181,2022-06-09,Cold coffee,Beverages,40,7,280,Cash,Mrs.,Night,Thursday,0
876,2022-06-10,Cold coffee,Beverages,40,8,320,Online,Mrs.,Evening,Friday,0
9,2022-06-10,Panipuri,Fastfood,20,1,20,Cash,Mrs.,Morning,Friday,0
613,2022-06-10,Vadapav,Fastfood,20,5,100,Online,Mrs.,Night,Friday,0
463,2022-06-11,Sandwich,Fastfood,60,6,360,Online,Mr.,Midnight,Saturday,1
778,2022-06-11,Frankie,Fastfood,50,13,650,Cash,Mr.,Evening,Saturday,1
60,2022-06-11,Cold coffee,Beverages,40,2,80,Online,Mr.,Night,Saturday,1
140,2022-06-12,Frankie,Fastfood,50,13,650,Cash,Mr.,Night,Sunday,1
922,2022-06-13,Frankie,Fastfood,50,5,250,Online,Mrs.,Evening,Monday,0
561,2022-06-13,Panipuri,Fastfood,20,1,20,Cash,Mrs.,Midnight,Monday,0
732,2022-06-13,Panipuri,Fastfood,20,7,140,Unknown,Mrs.,Midnight,Monday,0
807,2022-06-13,Frankie,Fastfood,50,1,50,Online,Mrs.,Midnight,Monday,0
985,2022-06-14,Frankie,Fastfood,50,1,50,Cash,Mrs.,Afternoon,Tuesday,0
141,2022-06-15,Aalopuri,Fastfood,20,4,80,Unknown,Mr.,Evening,Wednesday,0
765,2022-06-15,Sandwich,Fastfood,60,13,780,Cash,Mr.,Night,Wednesday,0
498,2022-06-16,Frankie,Fastfood,50,1,50,Cash,Mr.,Midnight,Thursday,0
328,2022-06-16,Vadapav,Fastfood,20,3,60,Online,Mr.,Evening,Thursday,0
588,2022-06-16,Frankie,Fastfood,50,11,550,Cash,Mrs.,Morning,Thursday,0
822,2022-06-17,Panipuri,Fastfood,20,12,240,Online,Mr.,Morning,Friday,0
625,2022-06-17,Sandwich,Fastfood,60,15,900,Online,Mr.,Morning,Friday,0
390,2022-06-18,Sugarcane juice,Beverages,25,5,125,Unknown,Mr.,Midnight,Saturday,1
995,2022-06-18,Sugarcane juice,Beverages,25,1,25,Online,Mr.,Night,Saturday,1
253,2022-06-18,Sugarcane juice,Beverages,25,13,325,Online,Mr.,Afternoon,Saturday,1
766,2022-06-19,Sandwich,Fastfood,60,10,600,Online,Mrs.,Morning,Sunday,1
278,2022-06-19,Frankie,Fastfood,50,6,300,Online,Mrs.,Night,Sunday,1
263,2022-06-19,Panipuri,Fastfood,20,2,40,Cash,Mr.,Evening,Sunday,1
438,2022-06-20,Cold coffee,Beverages,40,5,200,Online,Mr.,Morning,Monday,0
980,2022-06-20,Vadapav,Fastfood,20,9,180,Online,Mr.,Morning,Monday,0
169,2022-06-20,Vadapav,Fastfood,20,6,120,Cash,Mr.,Morning,Monday,0
627,2022-06-22,Sugarcane juice,Beverages,25,15,375,Online,Mr.,Afternoon,Wednesday,0
937,2022-06-22,Panipuri,Fastfood,20,4,80,Cash,Mr.,Night,Wednesday,0
399,2022-06-24,Panipuri,Fastfood,20,9,180,Cash,Mrs.,Evening,Friday,0
347,2022-06-24,Frankie,Fastfood,50,7,350,Cash,Mrs.,Afternoon,Friday,0
880,2022-06-25,Sugarcane juice,Beverages,25,5,125,Cash,Mrs.,Morning,Saturday,1
796,2022-06-25,Sugarcane juice,Beverages,25,14,350,Online,Mr.,Night,Saturday,1
744,2022-06-25,Frankie,Fastfood,50,10,500,Cash,Mrs.,Morning,Saturday,1
196,2022-06-25,Sandwich,Fastfood,60,3,180,Cash,Mr.,Evening,Saturday,1
611,2022-06-25,Aalopuri,Fastfood,20,2,40,Online,Mrs.,Morning,Saturday,1
236,2022-06-26,Vadapav,Fastfood,20,12,240,Unknown,Mrs.,Evening,Sunday,1
753,2022-06-26,Sugarcane juice,Beverages,25,1,25,Cash,Mr.,Midnight,Sunday,1
931,2022-06-26,Aalopuri,Fastfood,20,15,300,Cash,Mr.,Afternoon,Sunday,1
869,2022-06-26,Panipuri,Fastfood,20,9,180,Online,Mr.,Midnight,Sunday,1
300,2022-06-27,Aalopuri,Fastfood,20,8,160,Cash,Mr.,Afternoon,Monday,0
724,2022-06-27,Frankie,Fastfood,50,10,500,Cash,Mrs.,Night,Monday,0
285,2022-06-28,Aalopuri,Fastfood,20,3,60,Unknown,Mr.,Night,Tuesday,0
617,2022-06-28,Sugarcane juice,Beverages,25,2,50,Cash,Mr.,Night,Tuesday,0
730,2022-06-28,Frankie,Fastfood,50,13,650,Cash,Mrs.,Afternoon,Tuesday,0
967,2022-06-29,Cold coffee,Beverages,40,14,560,Cash,Mr.,Afternoon,Wednesday,0
943,2022-06-30,Vadapav,Fastfood,20,6,120,Cash,Mrs.,Night,Thursday,0
361,2022-06-30,Sandwich,Fastfood,60,15,900,Unknown,Mrs.,Night,Thursday,0
319,2022-06-30,Frankie,Fastfood,50,15,750,Cash,Mr.,Afternoon,Thursday,0
655,2022-06-30,Sugarcane juice,Beverages,25,12,300,Online,Mr.,Morning,Thursday,0
557,2022-06-30,Sandwich,Fastfood,60,2,120,Cash,Mrs.,Evening,Thursday,0
578,2022-06-30,Frankie,Fastfood,50,5,250,Online,Mrs.,Night,Thursday,0
201,2022-06-30,Panipuri,Fastfood,20,8,160,Cash,Mr.,Morning,Thursday,0
845,2022-07-01,Cold coffee,Beverages,40,6,240,Online,Mrs.,Evening,Friday,0
528,2022-07-01,Sugarcane juice,Beverages,25,7,175,Cash,Mrs.,Midnight,Friday,0
580,2022-07-01,Panipuri,Fastfood,20,10,200,Online,Mr.,Night,Friday,0
59,2022-07-01,Vadapav,Fastfood,20,5,100,Cash,Mr.,Morning,Friday,0
631,2022-07-01,Cold coffee,Beverages,40,13,520,Cash,Mrs.,Evening,Friday,0
393,2022-07-02,Sugarcane juice,Beverages,25,10,250,Online,Mrs.,Evening,Saturday,1
182,2022-07-02,Cold coffee,Beverages,40,1,40,Cash,Mr.,Midnight,Saturday,1
36,2022-07-02,Cold coffee,Beverages,40,10,400,Online,Mr.,Afternoon,Saturday,1
517,2022-07-02,Panipuri,Fastfood,20,13,260,Online,Mr.,Evening,Saturday,1
303,2022-07-02,Sugarcane juice,Beverages,25,1,25,Cash,Mrs.,Midnight,Saturday,1
283,2022-07-02,Panipuri,Fastfood,20,2,40,Cash,Mrs.,Midnight,Saturday,1
93,2022-07-03,Cold coffee,Beverages,40,2,80,Online,Mrs.,Midnight,Sunday,1
369,2022-07-03,Sandwich,Fastfood,60,2,120,Online,Mrs.,Evening,Sunday,1
1,2022-07-03,Aalopuri,Fastfood,20,13,260,Unknown,Mr.,Night,Sunday,1
763,2022-07-04,Vadapav,Fastfood,20,14,280,Unknown,Mrs.,Night,Monday,0
843,2022-07-04,Sugarcane juice,Beverages,25,1,25,Cash,Mrs.,Morning,Monday,0
526,2022-07-04,Sandwich,Fastfood,60,10,600,Cash,Mrs.,Evening,Monday,0
725,2022-07-04,Vadapav,Fastfood,20,6,120,Online,Mrs.,Afternoon,Monday,0
670,2022-07-05,Panipuri,Fastfood,20,15,300,Cash,Mr.,Night,Tuesday,0
118,2022-07-06,Sandwich,Fastfood,60,1,60,Online,Mr.,Midnight,Wednesday,0
397,2022-07-06,Aalopuri,Fastfood,20,2,40,Online,Mrs.,Afternoon,Wednesday,0
88,2022-07-07,Cold coffee,Beverages,40,10,400,Cash,Mr.,Evening,Thursday,0
365,2022-07-08,Panipuri,Fastfood,20,10,200,Online,Mr.,Night,Friday,0
351,2022-07-08,Frankie,Fastfood,50,5,250,Online,Mrs.,Night,Friday,0
546,2022-07-09,Aalopuri,Fastfood,20,1,20,Cash,Mrs.,Midnight,Saturday,1
784,2022-07-09,Vadapav,Fastfood,20,8,160,Cash,Mrs.,Morning,Saturday,1
151,2022-07-10,Frankie,Fastfood,50,13,650,Online,Mrs.,Morning,Sunday,1
120,2022-07-10,Frankie,Fastfood,50,2,100,Cash,Mrs.,Evening,Sunday,1
47,2022-07-10,Sandwich,Fastfood,60,7,420,Unknown,Mr.,Morning,Sunday,1
183,2022-07-10,Sugarcane juice,Beverages,25,5,125,Cash,Mrs.,Midnight,Sunday,1
651,2022-07-11,Sandwich,Fastfood,60,10,600,Online,Mrs.,Midnight,Monday,0
492,2022-07-11,Sandwich,Fastfood,60,15,900,Cash,Mr.,Afternoon,Monday,0
12,2022-07-12,Vadapav,Fastfood,20,8,160,Online,Mrs.,Night,Tuesday,0
920,2022-07-12,Frankie,Fastfood,50,13,650,Online,Mr.,Evening,Tuesday,0
893,2022-07-13,Sugarcane juice,Beverages,25,12,300,Cash,Mrs.,Afternoon,Wednesday,0
872,2022-07-14,Sandwich,Fastfood,60,12,720,Cash,Mr.,Afternoon,Thursday,0
892,2022-07-14,Sugarcane juice,Beverages,25,7,175,Online,Mrs.,Evening,Thursday,0
616,2022-07-15,Vadapav,Fastfood,20,6,120,Online,Mrs.,Midnight,Friday,0
860,2022-07-16,Cold coffee,Beverages,40,5,200,Cash,Mr.,Night,Saturday,1
741,2022-07-16,Aalopuri,Fastfood,20,5,100,Online,Mr.,Afternoon,Saturday,1
513,2022-07-16,Cold coffee,Beverages,40,5,200,Cash,Mrs.,Night,Saturday,1
674,2022-07-17,Sugarcane juice,Beverages,25,13,325,Unknown,Mr.,Morning,Sunday,1
82,2022-07-17,Frankie,Fastfood,50,3,150,Online,Mrs.,Evening,Sunday,1
134,2022-07-17,Aalopuri,Fastfood,20,12,240,Online,Mrs.,Night,Sunday,1
993,2022-07-17,Frankie,Fastfood,50,3,150,Online,Mrs.,Night,Sunday,1
264,2022-07-18,Sugarcane juice,Beverages,25,12,300,Online,Mr.,Morning,Monday,0
324,2022-07-18,Sugarcane juice,Beverages,25,15,375,Online,Mrs.,Night,Monday,0
298,2022-07-19,Sugarcane juice,Beverages,25,9,225,Cash,Mrs.,Afternoon,Tuesday,0
566,2022-07-19,Frankie,Fastfood,50,3,150,Cash,Mr.,Evening,Tuesday,0
701,2022-07-19,Sugarcane juice,Beverages,25,14,350,Online,Mrs.,Evening,Tuesday,0
790,2022-07-20,Panipuri,Fastfood,20,3,60,Cash,Mrs.,Evening,Wednesday,0
942,2022-07-20,Frankie,Fastfood,50,6,300,Cash,Mr.,Night,Wednesday,0
177,2022-07-21,Panipuri,Fastfood,20,11,220,Online,Mrs.,Morning,Thursday,0
886,2022-07-21,Sugarcane juice,Beverages,25,4,100,Cash,Mrs.,Night,Thursday,0
153,2022-07-21,Panipuri,Fastfood,20,1,20,Cash,Mrs.,Evening,Thursday,0
295,2022-07-21,Sandwich,Fastfood,60,7,420,Cash,Mr.,Midnight,Thursday,0
461,2022-07-22,Sugarcane juice,Beverages,25,5,125,Cash,Mr.,Midnight,Friday,0
299,2022-07-22,Aalopuri,Fastfood,20,1,20,Online,Mrs.,Evening,Friday,0
160,2022-07-23,Vadapav,Fastfood,20,10,200,Online,Mr.,Night,Saturday,1
821,2022-07-24,Aalopuri,Fastfood,20,12,240,Cash,Mrs.,Midnight,Sunday,1
374,2022-07-24,Frankie,Fastfood,50,10,500,Online,Mr.,Midnight,Sunday,1
660,2022-07-25,Sandwich,Fastfood,60,9,540,Cash,Mrs.,Night,Monday,0
65,2022-07-25,Aalopuri,Fastfood,20,4,80,Cash,Mr.,Morning,Monday,0
53,2022-07-26,Aalopuri,Fastfood,20,13,260,Cash,Mr.,Afternoon,Tuesday,0
645,2022-07-26,Sandwich,Fastfood,60,9,540,Cash,Mrs.,Night,Tuesday,0
634,2022-07-26,Panipuri,Fastfood,20,13,260,Cash,Mr.,Afternoon,Tuesday,0
448,2022-07-27,Vadapav,Fastfood,20,6,120,Cash,Mrs.,Evening,Wednesday,0
234,2022-07-27,Panipuri,Fastfood,20,10,200,Cash,Mr.,Midnight,Wednesday,0
499,2022-07-27,Sandwich,Fastfood,60,8,480,Online,Mrs.,Evening,Wednesday,0
206,2022-07-27,Aalopuri,Fastfood,20,4,80,Cash,Mr.,Night,Wednesday,0
530,2022-07-27,Panipuri,Fastfood,20,6,120,Cash,Mrs.,Night,Wednesday,0
272,2022-07-29,Frankie,Fastfood,50,5,250,Online,Mrs.,Night,Friday,0
73,2022-07-29,Panipuri,Fastfood,20,5,100,Cash,Mr.,Midnight,Friday,0
740,2022-07-30,Aalopuri,Fastfood,20,9,180,Cash,Mr.,Midnight,Saturday,1
541,2022-07-30,Panipuri,Fastfood,20,12,240,Cash,Mr.,Night,Saturday,1
551,2022-07-30,Sugarcane juice,Beverages,25,7,175,Cash,Mr.,Evening,Saturday,1
838,2022-07-31,Cold coffee,Beverages,40,9,360,Online,Mrs.,Morning,Sunday,1
233,2022-07-31,Panipuri,Fastfood,20,5,100,Cash,Mr.,Morning,Sunday,1
311,2022-07-31,Frankie,Fastfood,50,7,350,Unknown,Mrs.,Morning,Sunday,1
831,2022-08-01,Frankie,Fastfood,50,5,250,Online,Mrs.,Morning,Monday,0
598,2022-08-02,Cold coffee,Beverages,40,8,320,Cash,Mrs.,Afternoon,Tuesday,0
422,2022-08-02,Cold coffee,Beverages,40,7,280,Online,Mr.,Evening,Tuesday,0
511,2022-08-02,Panipuri,Fastfood,20,4,80,Cash,Mrs.,Night,Tuesday,0
789,2022-08-03,Sugarcane juice,Beverages,25,7,175,Cash,Mr.,Morning,Wednesday,0
728,2022-08-03,Vadapav,Fastfood,20,1,20,Online,Mr.,Midnight,Wednesday,0
542,2022-08-04,Sugarcane juice,Beverages,25,9,225,Cash,Mr.,Evening,Thursday,0
176,2022-08-04,Panipuri,Fastfood,20,1,20,Cash,Mrs.,Midnight,Thursday,0
57,2022-08-04,Panipuri,Fastfood,20,14,280,Online,Mrs.,Morning,Thursday,0
875,2022-08-05,Vadapav,Fastfood,20,15,300,Cash,Mr.,Evening,Friday,0
746,2022-08-05,Sugarcane juice,Beverages,25,5,125,Online,Mrs.,Midnight,Friday,0
416,2022-08-05,Sandwich,Fastfood,60,9,540,Unknown,Mr.,Morning,Friday,0
108,2022-08-06,Panipuri,Fastfood,20,5,100,Online,Mr.,Afternoon,Saturday,1
287,2022-08-06,Aalopuri,Fastfood,20,3,60,Cash,Mr.,Morning,Saturday,1
128,2022-08-07,Vadapav,Fastfood,20,11,220,Online,Mr.,Midnight,Sunday,1
109,2022-08-08,Cold coffee,Beverages,40,12,480,Unknown,Mr.,Afternoon,Monday,0
812,2022-08-08,Panipuri,Fastfood,20,5,100,Cash,Mr.,Afternoon,Monday,0
281,2022-08-09,Sandwich,Fastfood,60,3,180,Cash,Mrs.,Afternoon,Tuesday,0
968,2022-08-09,Cold coffee,Beverages,40,15,600,Cash,Mrs.,Morning,Tuesday,0
501,2022-08-09,Sugarcane juice,Beverages,25,14,350,Online,Mrs.,Afternoon,Tuesday,0
562,2022-08-09,Frankie,Fastfood,50,4,200,Cash,Mr.,Afternoon,Tuesday,0
149,2022-08-09,Sandwich,Fastfood,60,7,420,Online,Mr.,Morning,Tuesday,0
735,2022-08-10,Panipuri,Fastfood,20,11,220,Cash,Mr.,Morning,Wednesday,0
938,2022-08-10,Sugarcane juice,Beverages,25,14,350,Cash,Mr.,Evening,Wednesday,0
936,2022-08-10,Panipuri,Fastfood,20,2,40,Unknown,Mr.,Midnight,Wednesday,0
164,2022-08-10,Sugarcane juice,Beverages,25,7,175,Online,Mr.,Afternoon,Wednesday,0
367,2022-08-10,Panipuri,Fastfood,20,6,120,Unknown,Mr.,Afternoon,Wednesday,0
960,2022-08-12,Sugarcane juice,Beverages,25,15,375,Online,Mrs.,Evening,Friday,0
878,2022-08-12,Sandwich,Fastfood,60,6,360,Online,Mr.,Evening,Friday,0
683,2022-08-12,Frankie,Fastfood,50,15,750,Cash,Mr.,Midnight,Friday,0
721,2022-08-13,Panipuri,Fastfood,20,12,240,Unknown,Mr.,Afternoon,Saturday,1
788,2022-08-13,Sugarcane juice,Beverages,25,7,175,Online,Mr.,Afternoon,Saturday,1
689,2022-08-13,Vadapav,Fastfood,20,6,120,Cash,Mrs.,Afternoon,Saturday,1
866,2022-08-13,Frankie,Fastfood,50,10,500,Online,Mr.,Midnight,Saturday,1
114,2022-08-14,Aalopuri,Fastfood,20,10,200,Online,Mr.,Afternoon,Sunday,1
847,2022-08-14,Panipuri,Fastfood,20,11,220,Online,Mr.,Midnight,Sunday,1
773,2022-08-14,Cold coffee,Beverages,40,7,280,Online,Mr.,Afternoon,Sunday,1
704,2022-08-14,Sandwich,Fastfood,60,1,60,Online,Mrs.,Evening,Sunday,1
615,2022-08-14,Sandwich,Fastfood,60,14,840,Unknown,Mr.,Morning,Sunday,1
45,2022-08-15,Sugarcane juice,Beverages,25,6,150,Cash,Mrs.,Afternoon,Monday,0
74,2022-08-15,Cold coffee,Beverages,40,10,400,Online,Mrs.,Evening,Monday,0
771,2022-08-15,Panipuri,Fastfood,20,5,100,Online,Mrs.,Midnight,Monday,0
265,2022-08-15,Vadapav,Fastfood,20,6,120,Cash,Mr.,Midnight,Monday,0
273,2022-08-15,Panipuri,Fastfood,20,15,300,Cash,Mr.,Midnight,Monday,0
382,2022-08-16,Cold coffee,Beverages,40,9,360,Cash,Mrs.,Night,Tuesday,0
947,2022-08-16,Aalopuri,Fastfood,20,11,220,Online,Mr.,Night,Tuesday,0
76,2022-08-17,Vadapav,Fastfood,20,9,180,Online,Mr.,Morning,Wednesday,0
425,2022-08-17,Panipuri,Fastfood,20,14,280,Online,Mr.,Afternoon,Wednesday,0
868,2022-08-17,Aalopuri,Fastfood,20,13,260,Cash,Mrs.,Evening,Wednesday,0
349,2022-08-17,Panipuri,Fastfood,20,5,100,Cash,Mrs.,Evening,Wednesday,0
26,2022-08-18,Sugarcane juice,Beverages,25,4,100,Cash,Mr.,Afternoon,Thursday,0
828,2022-08-18,Panipuri,Fastfood,20,6,120,Cash,Mr.,Evening,Thursday,0
85,2022-08-19,Aalopuri,Fastfood,20,3,60,Online,Mrs.,Night,Friday,0
864,2022-08-20,Cold coffee,Beverages,40,9,360,Online,Mr.,Morning,Saturday,1
638,2022-08-20,Cold coffee,Beverages,40,11,440,Online,Mrs.,Afternoon,Saturday,1
850,2022-08-20,Vadapav,Fastfood,20,3,60,Online,Mrs.,Afternoon,Saturday,1
331,2022-08-21,Panipuri,Fastfood,20,4,80,Online,Mrs.,Evening,Sunday,1
434,2022-08-21,Aalopuri,Fastfood,20,12,240,Cash,Mr.,Morning,Sunday,1
897,2022-08-22,Aalopuri,Fastfood,20,6,120,Online,Mr.,Morning,Monday,0
19,2022-08-22,Panipuri,Fastfood,20,11,220,Cash,Mrs.,Night,Monday,0
96,2022-08-22,Sandwich,Fastfood,60,15,900,Unknown,Mr.,Morning,Monday,0
288,2022-08-22,Sandwich,Fastfood,60,7,420,Cash,Mr.,Night,Monday,0
442,2022-08-22,Sugarcane juice,Beverages,25,7,175,Online,Mrs.,Night,Monday,0
2,2022-08-23,Vadapav,Fastfood,20,15,300,Cash,Mr.,Afternoon,Tuesday,0
883,2022-08-24,Aalopuri,Fastfood,20,5,100,Online,Mrs.,Midnight,Wednesday,0
695,2022-08-24,Panipuri,Fastfood,20,10,200,Online,Mrs.,Midnight,Wednesday,0
514,2022-08-24,Cold coffee,Beverages,40,8,320,Online,Mrs.,Evening,Wednesday,0
136,2022-08-24,Aalopuri,Fastfood,20,15,300,Online,Mr.,Morning,Wednesday,0
589,2022-08-25,Cold coffee,Beverages,40,5,200,Cash,Mr.,Night,Thursday,0
727,2022-08-25,Aalopuri,Fastfood,20,5,100,Cash,Mrs.,Midnight,Thursday,0
208,2022-08-26,Cold coffee,Beverages,40,13,520,Cash,Mrs.,Midnight,Friday,0
121,2022-08-26,Cold coffee,Beverages,40,8,320,Cash,Mr.,Afternoon,Friday,0
116,2022-08-26,Sugarcane juice,Beverages,25,13,325,Cash,Mr.,Evening,Friday,0
172,2022-08-27,Sugarcane juice,Beverages,25,6,150,Online,Mrs.,Night,Saturday,1
999,2022-08-27,Panipuri,Fastfood,20,5,100,Unknown,Mrs.,Afternoon,Saturday,1
803,2022-08-27,Vadapav,Fastfood,20,5,100,Unknown,Mr.,Night,Saturday,1
602,2022-08-27,Aalopuri,Fastfood,20,10,200,Cash,Mr.,Night,Saturday,1
359,2022-08-27,Aalopuri,Fastfood,20,13,260,Online,Mrs.,Night,Saturday,1
474,2022-08-28,Sugarcane juice,Beverages,25,15,375,Cash,Mrs.,Night,Sunday,1
44,2022-08-28,Cold coffee,Beverages,40,12,480,Cash,Mr.,Evening,Sunday,1
793,2022-08-30,Sandwich,Fastfood,60,6,360,Cash,Mrs.,Night,Tuesday,0
646,2022-08-30,Vadapav,Fastfood,20,14,280,Online,Mrs.,Afternoon,Tuesday,0
836,2022-08-31,Vadapav,Fastfood,20,2,40,Cash,Mrs.,Midnight,Wednesday,0
25,2022-08-31,Sandwich,Fastfood,60,1,60,Online,Mrs.,Evening,Wednesday,0
446,2022-08-31,Cold coffee,Beverages,40,9,360,Cash,Mr.,Night,Wednesday,0
437,2022-08-31,Cold coffee,Beverages,40,1,40,Unknown,Mr.,Morning,Wednesday,0
749,2022-08-31,Vadapav,Fastfood,20,11,220,Cash,Mr.,Morning,Wednesday,0
368,2022-08-31,Cold coffee,Beverages,40,2,80,Cash,Mr.,Night,Wednesday,0
559,2022-08-31,Cold coffee,Beverages,40,5,200,Online,Mrs.,Night,Wednesday,0
603,2022-08-31,Vadapav,Fastfood,20,10,200,Cash,Mrs.,Afternoon,Wednesday,0
833,2022-09-01,Panipuri,Fastfood,20,2,40,Online,Mrs.,Evening,Thursday,0
138,2022-09-01,Sandwich,Fastfood,60,15,900,Online,Mr.,Night,Thursday,0
336,2022-09-03,Sugarcane juice,Beverages,25,13,325,Unknown,Mrs.,Midnight,Saturday,1
174,2022-09-03,Aalopuri,Fastfood,20,2,40,Online,Mr.,Evening,Saturday,1
111,2022-09-04,Sandwich,Fastfood,60,8,480,Cash,Mrs.,Midnight,Sunday,1
473,2022-09-04,Sandwich,Fastfood,60,5,300,Cash,Mrs.,Evening,Sunday,1
443,2022-09-05,Sugarcane juice,Beverages,25,12,300,Cash,Mrs.,Night,Monday,0
888,2022-09-05,Vadapav,Fastfood,20,8,160,Cash,Mr.,Evening,Monday,0
535,2022-09-05,Sandwich,Fastfood,60,4,240,Online,Mr.,Midnight,Monday,0
258,2022-09-06,Vadapav,Fastfood,20,14,280,Cash,Mr.,Midnight,Tuesday,0
577,2022-09-06,Cold coffee,Beverages,40,7,280,Cash,Mr.,Evening,Tuesday,0
573,2022-09-07,Frankie,Fastfood,50,2,100,Cash,Mr.,Afternoon,Wednesday,0
270,2022-09-07,Sandwich,Fastfood,60,13,780,Cash,Mr.,Evening,Wednesday,0
539,2022-09-07,Panipuri,Fastfood,20,3,60,Online,Mr.,Evening,Wednesday,0
468,2022-09-08,Panipuri,Fastfood,20,2,40,Cash,Mr.,Evening,Thursday,0
863,2022-09-08,Frankie,Fastfood,50,9,450,Online,Mr.,Night,Thursday,0
604,2022-09-08,Frankie,Fastfood,50,10,500,Cash,Mrs.,Night,Thursday,0
449,2022-09-09,Frankie,Fastfood,50,4,200,Cash,Mr.,Afternoon,Friday,0
619,2022-09-09,Sugarcane juice,Beverages,25,4,100,Cash,Mrs.,Morning,Friday,0
699,2022-09-09,Cold coffee,Beverages,40,1,40,Online,Mr.,Evening,Friday,0
260,2022-09-10,Sugarcane juice,Beverages,25,2,50,Online,Mrs.,Night,Saturday,1
726,2022-09-11,Panipuri,Fastfood,20,1,20,Online,Mr.,Morning,Sunday,1
745,2022-09-11,Aalopuri,Fastfood,20,2,40,Online,Mr.,Evening,Sunday,1
99,2022-09-11,Sugarcane juice,Beverages,25,3,75,Cash,Mr.,Evening,Sunday,1
222,2022-09-11,Sandwich,Fastfood,60,6,360,Cash,Mrs.,Morning,Sunday,1
458,2022-09-12,Sugarcane juice,Beverages,25,8,200,Cash,Mrs.,Midnight,Monday,0
552,2022-09-12,Sugarcane juice,Beverages,25,15,375,Cash,Mrs.,Midnight,Monday,0
94,2022-09-14,Aalopuri,Fastfood,20,15,300,Unknown,Mrs.,Night,Wednesday,0
722,2022-09-14,Vadapav,Fastfood,20,15,300,Unknown,Mr.,Midnight,Wednesday,0
31,2022-09-14,Cold coffee,Beverages,40,13,520,Online,Mrs.,Evening,Wednesday,0
620,2022-09-14,Panipuri,Fastfood,20,12,240,Online,Mrs.,Evening,Wednesday,0
279,2022-09-14,Vadapav,Fastfood,20,15,300,Cash,Mrs.,Afternoon,Wednesday,0
570,2022-09-15,Sugarcane juice,Beverages,25,4,100,Cash,Mr.,Morning,Thursday,0
409,2022-09-15,Aalopuri,Fastfood,20,9,180,Cash,Mrs.,Morning,Thursday,0
20,2022-09-15,Cold coffee,Beverages,40,10,400,Online,Mr.,Night,Thursday,0
751,2022-09-16,Vadapav,Fastfood,20,2,40,Cash,Mr.,Afternoon,Friday,0
10,2022-09-16,Panipuri,Fastfood,20,5,100,Online,Mr.,Afternoon,Friday,0
673,2022-09-17,Sandwich,Fastfood,60,12,720,Cash,Mr.,Midnight,Saturday,1
912,2022-09-17,Aalopuri,Fastfood,20,6,120,Cash,Mr.,Evening,Saturday,1
392,2022-09-18,Aalopuri,Fastfood,20,15,300,Online,Mr.,Night,Sunday,1
684,2022-09-18,Vadapav,Fastfood,20,5,100,Cash,Mr.,Afternoon,Sunday,1
143,2022-09-18,Frankie,Fastfood,50,8,400,Unknown,Mrs.,Afternoon,Sunday,1
348,2022-09-19,Vadapav,Fastfood,20,1,20,Online,Mrs.,Midnight,Monday,0
429,2022-09-19,Cold coffee,Beverages,40,3,120,Online,Mr.,Night,Monday,0
829,2022-09-19,Cold coffee,Beverages,40,6,240,Cash,Mr.,Night,Monday,0
934,2022-09-19,Cold coffee,Beverages,40,4,160,Cash,Mrs.,Afternoon,Monday,0
737,2022-09-20,Frankie,Fastfood,50,13,650,Online,Mrs.,Night,Tuesday,0
748,2022-09-20,Sandwich,Fastfood,60,14,840,Cash,Mrs.,Night,Tuesday,0
997,2022-09-20,Sandwich,Fastfood,60,7,420,Unknown,Mr.,Evening,Tuesday,0
357,2022-09-21,Sandwich,Fastfood,60,9,540,Online,Mrs.,Afternoon,Wednesday,0
202,2022-09-21,Aalopuri,Fastfood,20,9,180,Cash,Mr.,Afternoon,Wednesday,0
350,2022-09-21,Cold coffee,Beverages,40,8,320,Online,Mrs.,Morning,Wednesday,0
488,2022-09-21,Cold coffee,Beverages,40,10,400,Cash,Mr.,Midnight,Wednesday,0
223,2022-09-21,Panipuri,Fastfood,20,13,260,Online,Mr.,Night,Wednesday,0
921,2022-09-21,Vadapav,Fastfood,20,14,280,Cash,Mr.,Midnight,Wednesday,0
808,2022-09-21,Panipuri,Fastfood,20,1,20,Online,Mr.,Morning,Wednesday,0
516,2022-09-22,Sugarcane juice,Beverages,25,12,300,Online,Mrs.,Midnight,Thursday,0
330,2022-09-22,Panipuri,Fastfood,20,8,160,Unknown,Mr.,Morning,Thursday,0
294,2022-09-23,Aalopuri,Fastfood,20,1,20,Cash,Mrs.,Evening,Friday,0
952,2022-09-24,Aalopuri,Fastfood,20,14,280,Cash,Mrs.,Evening,Saturday,1
403,2022-09-25,Cold coffee,Beverages,40,3,120,Online,Mrs.,Midnight,Sunday,1
950,2022-09-25,Frankie,Fastfood,50,6,300,Online,Mrs.,Evening,Sunday,1
758,2022-09-25,Vadapav,Fastfood,20,3,60,Cash,Mrs.,Evening,Sunday,1
736,2022-09-25,Panipuri,Fastfood,20,13,260,Unknown,Mr.,Afternoon,Sunday,1
564,2022-09-27,Cold coffee,Beverages,40,2,80,Unknown,Mr.,Morning,Tuesday,0
565,2022-09-27,Panipuri,Fastfood,20,15,300,Cash,Mr.,Evening,Tuesday,0
835,2022-09-27,Sugarcane juice,Beverages,25,7,175,Online,Mr.,Afternoon,Tuesday,0
444,2022-09-28,Frankie,Fastfood,50,4,200,Unknown,Mr.,Evening,Wednesday,0
667,2022-09-28,Vadapav,Fastfood,20,3,60,Cash,Mrs.,Evening,Wednesday,0
470,2022-09-29,Vadapav,Fastfood,20,8,160,Cash,Mrs.,Morning,Thursday,0
213,2022-09-29,Vadapav,Fastfood,20,3,60,Unknown,Mrs.,Midnight,Thursday,0
439,2022-09-30,Frankie,Fastfood,50,13,650,Online,Mr.,Afternoon,Friday,0
276,2022-09-30,Sugarcane juice,Beverages,25,6,150,Cash,Mr.,Midnight,Friday,0
78,2022-10-01,Vadapav,Fastfood,20,4,80,Cash,Mrs.,Evening,Saturday,1
591,2022-10-01,Sandwich,Fastfood,60,13,780,Cash,Mrs.,Morning,Saturday,1
219,2022-10-01,Aalopuri,Fastfood,20,9,180,Cash,Mrs.,Evening,Saturday,1
558,2022-10-01,Panipuri,Fastfood,20,5,100,Online,Mr.,Morning,Saturday,1
493,2022-10-02,Cold coffee,Beverages,40,2,80,Online,Mr.,Morning,Sunday,1
5,2022-10-02,Sugarcane juice,Beverages,25,8,200,Online,Mr.,Evening,Sunday,1
266,2022-10-02,Frankie,Fastfood,50,10,500,Online,Mrs.,Night,Sunday,1
971,2022-10-02,Frankie,Fastfood,50,2,100,Cash,Mrs.,Morning,Sunday,1
480,2022-10-02,Vadapav,Fastfood,20,12,240,Cash,Mr.,Evening,Sunday,1
794,2022-10-02,Sugarcane juice,Beverages,25,5,125,Online,Mr.,Afternoon,Sunday,1
245,2022-10-03,Vadapav,Fastfood,20,2,40,Cash,Mrs.,Morning,Monday,0
599,2022-10-03,Frankie,Fastfood,50,13,650,Cash,Mr.,Morning,Monday,0
159,2022-10-03,Sugarcane juice,Beverages,25,1,25,Online,Mrs.,Afternoon,Monday,0
247,2022-10-03,Sugarcane juice,Beverages,25,6,150,Unknown,Mr.,Midnight,Monday,0
531,2022-10-04,Cold coffee,Beverages,40,10,400,Cash,Mr.,Night,Tuesday,0
22,2022-10-04,Sugarcane juice,Beverages,25,12,300,Online,Mr.,Evening,Tuesday,0
963,2022-10-05,Vadapav,Fastfood,20,6,120,Cash,Mrs.,Morning,Wednesday,0
814,2022-10-05,Vadapav,Fastfood,20,13,260,Cash,Mrs.,Midnight,Wednesday,0
690,2022-10-05,Vadapav,Fastfood,20,9,180,Cash,Mrs.,Night,Wednesday,0
408,2022-10-05,Vadapav,Fastfood,20,4,80,Online,Mr.,Midnight,Wednesday,0
360,2022-10-06,Cold coffee,Beverages,40,2,80,Online,Mrs.,Midnight,Thursday,0
915,2022-10-07,Cold coffee,Beverages,40,7,280,Online,Mr.,Afternoon,Friday,0
734,2022-10-07,Frankie,Fastfood,50,7,350,Cash,Mr.,Evening,Friday,0
705,2022-10-07,Sandwich,Fastfood,60,6,360,Online,Mr.,Evening,Friday,0
978,2022-10-08,Frankie,Fastfood,50,2,100,Online,Mr.,Night,Saturday,1
965,2022-10-08,Frankie,Fastfood,50,5,250,Online,Mrs.,Night,Saturday,1
419,2022-10-08,Sugarcane juice,Beverages,25,14,350,Unknown,Mrs.,Midnight,Saturday,1
859,2022-10-08,Sandwich,Fastfood,60,11,660,Cash,Mrs.,Midnight,Saturday,1
388,2022-10-09,Sandwich,Fastfood,60,14,840,Cash,Mr.,Evening,Sunday,1
910,2022-10-09,Panipuri,Fastfood,20,1,20,Cash,Mrs.,Afternoon,Sunday,1
671,2022-10-09,Sandwich,Fastfood,60,2,120,Online,Mr.,Afternoon,Sunday,1
145,2022-10-09,Sandwich,Fastfood,60,14,840,Online,Mr.,Morning,Sunday,1
280,2022-10-09,Panipuri,Fastfood,20,14,280,Online,Mrs.,Evening,Sunday,1
254,2022-10-09,Cold coffee,Beverages,40,12,480,Unknown,Mrs.,Afternoon,Sunday,1
658,2022-10-10,Aalopuri,Fastfood,20,12,240,Unknown,Mrs.,Afternoon,Monday,0
717,2022-10-11,Sugarcane juice,Beverages,25,15,375,Unknown,Mrs.,Evening,Tuesday,0
682,2022-10-11,Aalopuri,Fastfood,20,14,280,Online,Mr.,Midnight,Tuesday,0
661,2022-10-11,Frankie,Fastfood,50,7,350,Online,Mrs.,Midnight,Tuesday,0
989,2022-10-11,Cold coffee,Beverages,40,13,520,Cash,Mr.,Afternoon,Tuesday,0
401,2022-10-11,Sugarcane juice,Beverages,25,8,200,Online,Mrs.,Midnight,Tuesday,0
364,2022-10-11,Cold coffee,Beverages,40,2,80,Online,Mr.,Night,Tuesday,0
804,2022-10-11,Cold coffee,Beverages,40,12,480,Online,Mrs.,Night,Tuesday,0
187,2022-10-11,Aalopuri,Fastfood,20,15,300,Cash,Mrs.,Morning,Tuesday,0
27,2022-10-12,Cold coffee,Beverages,40,11,440,Online,Mrs.,Afternoon,Wednesday,0
819,2022-10-12,Vadapav,Fastfood,20,10,200,Cash,Mr.,Evening,Wednesday,0
813,2022-10-13,Panipuri,Fastfood,20,10,200,Online,Mr.,Afternoon,Thursday,0
563,2022-10-13,Frankie,Fastfood,50,7,350,Online,Mrs.,Evening,Thursday,0
406,2022-10-13,Cold coffee,Beverages,40,4,160,Online,Mrs.,Afternoon,Thursday,0
854,2022-10-14,Cold coffee,Beverages,40,14,560,Online,Mrs.,Night,Friday,0
309,2022-10-14,Sandwich,Fastfood,60,8,480,Online,Mr.,Evening,Friday,0
124,2022-10-14,Sugarcane juice,Beverages,25,13,325,Unknown,Mrs.,Evening,Friday,0
337,2022-10-15,Aalopuri,Fastfood,20,14,280,Online,Mrs.,Midnight,Saturday,1
457,2022-10-16,Cold coffee,Beverages,40,11,440,Cash,Mr.,Evening,Sunday,1
885,2022-10-16,Sugarcane juice,Beverages,25,4,100,Cash,Mr.,Evening,Sunday,1
567,2022-10-16,Cold coffee,Beverages,40,7,280,Online,Mrs.,Afternoon,Sunday,1
17,2022-10-16,Panipuri,Fastfood,20,11,220,Cash,Mrs.,Morning,Sunday,1
175,2022-10-17,Frankie,Fastfood,50,12,600,Cash,Mrs.,Afternoon,Monday,0
205,2022-10-17,Vadapav,Fastfood,20,4,80,Unknown,Mr.,Afternoon,Monday,0
467,2022-10-17,Aalopuri,Fastfood,20,11,220,Online,Mr.,Morning,Monday,0
62,2022-10-17,Sugarcane juice,Beverages,25,3,75,Cash,Mr.,Afternoon,Monday,0
464,2022-10-18,Sugarcane juice,Beverages,25,13,325,Cash,Mr.,Morning,Tuesday,0
932,2022-10-18,Sandwich,Fastfood,60,9,540,Online,Mr.,Afternoon,Tuesday,0
371,2022-10-18,Vadapav,Fastfood,20,5,100,Online,Mrs.,Night,Tuesday,0
907,2022-10-19,Cold coffee,Beverages,40,4,160,Unknown,Mrs.,Midnight,Wednesday,0
129,2022-10-19,Panipuri,Fastfood,20,13,260,Cash,Mrs.,Morning,Wednesday,0
495,2022-10-20,Aalopuri,Fastfood,20,13,260,Online,Mrs.,Midnight,Thursday,0
643,2022-10-20,Sugarcane juice,Beverages,25,2,50,Cash,Mr.,Afternoon,Thursday,0
380,2022-10-20,Sandwich,Fastfood,60,5,300,Online,Mrs.,Afternoon,Thursday,0
453,2022-10-20,Sandwich,Fastfood,60,1,60,Online,Mrs.,Midnight,Thursday,0
992,2022-10-21,Sandwich,Fastfood,60,5,300,Cash,Mr.,Morning,Friday,0
756,2022-10-21,Sugarcane juice,Beverages,25,10,250,Online,Mrs.,Morning,Friday,0
423,2022-10-21,Frankie,Fastfood,50,7,350,Cash,Mrs.,Night,Friday,0
384,2022-10-22,Sugarcane juice,Beverages,25,1,25,Online,Mr.,Afternoon,Saturday,1
574,2022-10-22,Aalopuri,Fastfood,20,1,20,Cash,Mrs.,Night,Saturday,1
445,2022-10-22,Sandwich,Fastfood,60,14,840,Online,Mrs.,Morning,Saturday,1
777,2022-10-23,Panipuri,Fastfood,20,13,260,Cash,Mr.,Morning,Sunday,1
855,2022-10-23,Vadapav,Fastfood,20,5,100,Online,Mr.,Evening,Sunday,1
887,2022-10-24,Aalopuri,Fastfood,20,3,60,Cash,Mr.,Morning,Monday,0
152,2022-10-24,Cold coffee,Beverages,40,9,360,Online,Mr.,Afternoon,Monday,0
335,2022-10-24,Cold coffee,Beverages,40,11,440,Cash,Mr.,Night,Monday,0
204,2022-10-24,Cold coffee,Beverages,40,7,280,Cash,Mrs.,Evening,Monday,0
192,2022-10-26,Vadapav,Fastfood,20,2,40,Online,Mr.,Night,Wednesday,0
249,2022-10-26,Sugarcane juice,Beverages,25,3,75,Online,Mrs.,Afternoon,Wednesday,0
509,2022-10-26,Vadapav,Fastfood,20,11,220,Online,Mr.,Evening,Wednesday,0
104,2022-10-27,Cold coffee,Beverages,40,13,520,Online,Mr.,Morning,Thursday,0
358,2022-10-27,Aalopuri,Fastfood,20,6,120,Cash,Mr.,Night,Thursday,0
877,2022-10-27,Sugarcane juice,Beverages,25,14,350,Cash,Mrs.,Afternoon,Thursday,0
146,2022-10-28,Frankie,Fastfood,50,4,200,Unknown,Mrs.,Afternoon,Friday,0
632,2022-10-28,Panipuri,Fastfood,20,9,180,Online,Mrs.,Night,Friday,0
90,2022-10-29,Vadapav,Fastfood,20,15,300,Online,Mr.,Night,Saturday,1
481,2022-10-29,Sugarcane juice,Beverages,25,4,100,Cash,Mr.,Evening,Saturday,1
711,2022-10-30,Aalopuri,Fastfood,20,3,60,Cash,Mr.,Afternoon,Sunday,1
333,2022-10-30,Sugarcane juice,Beverages,25,11,275,Cash,Mrs.,Afternoon,Sunday,1
896,2022-10-30,Aalopuri,Fastfood,20,13,260,Cash,Mr.,Night,Sunday,1
825,2022-10-30,Panipuri,Fastfood,20,14,280,Cash,Mrs.,Morning,Sunday,1
396,2022-10-31,Frankie,Fastfood,50,15,750,Online,Mr.,Morning,Monday,0
664,2022-10-31,Frankie,Fastfood,50,10,500,Online,Mrs.,Morning,Monday,0
870,2022-10-31,Cold coffee,Beverages,40,5,200,Online,Mrs.,Afternoon,Monday,0
994,2022-11-01,Panipuri,Fastfood,20,2,40,Online,Mrs.,Evening,Tuesday,0
601,2022-11-01,Aalopuri,Fastfood,20,12,240,Online,Mr.,Morning,Tuesday,0
703,2022-11-01,Panipuri,Fastfood,20,10,200,Online,Mrs.,Afternoon,Tuesday,0
316,2022-11-02,Frankie,Fastfood,50,4,200,Online,Mr.,Morning,Wednesday,0
50,2022-11-02,Vadapav,Fastfood,20,8,160,Cash,Mrs.,Midnight,Wednesday,0
679,2022-11-02,Sandwich,Fastfood,60,12,720,Online,Mr.,Morning,Wednesday,0
441,2022-11-02,Aalopuri,Fastfood,20,1,20,Online,Mrs.,Midnight,Wednesday,0
515,2022-11-02,Sandwich,Fastfood,60,7,420,Unknown,Mrs.,Night,Wednesday,0
849,2022-11-03,Cold coffee,Beverages,40,10,400,Cash,Mrs.,Night,Thursday,0
523,2022-11-03,Frankie,Fastfood,50,6,300,Cash,Mr.,Afternoon,Thursday,0
503,2022-11-04,Aalopuri,Fastfood,20,13,260,Cash,Mrs.,Morning,Friday,0
430,2022-11-05,Sandwich,Fastfood,60,4,240,Online,Mr.,Night,Saturday,1
79,2022-11-05,Panipuri,Fastfood,20,6,120,Online,Mr.,Night,Saturday,1
649,2022-11-05,Frankie,Fastfood,50,9,450,Cash,Mr.,Midnight,Saturday,1
228,2022-11-05,Panipuri,Fastfood,20,8,160,Online,Mr.,Night,Saturday,1
18,2022-11-05,Panipuri,Fastfood,20,10,200,Cash,Mrs.,Night,Saturday,1
879,2022-11-06,Cold coffee,Beverages,40,9,360,Cash,Mrs.,Evening,Sunday,1
800,2022-11-06,Cold coffee,Beverages,40,14,560,Cash,Mr.,Night,Sunday,1
969,2022-11-06,Cold coffee,Beverages,40,11,440,Cash,Mr.,Morning,Sunday,1
49,2022-11-06,Frankie,Fastfood,50,4,200,Online,Mrs.,Morning,Sunday,1
496,2022-11-07,Cold coffee,Beverages,40,10,400,Online,Mrs.,Night,Monday,0
857,2022-11-08,Sugarcane juice,Beverages,25,14,350,Online,Mrs.,Evening,Tuesday,0
197,2022-11-08,Panipuri,Fastfood,20,10,200,Cash,Mrs.,Midnight,Tuesday,0
237,2022-11-08,Panipuri,Fastfood,20,13,260,Cash,Mrs.,Midnight,Tuesday,0
743,2022-11-09,Panipuri,Fastfood,20,1,20,Cash,Mr.,Morning,Wednesday,0
848,2022-11-10,Frankie,Fastfood,50,9,450,Cash,Mr.,Night,Thursday,0
953,2022-11-10,Sandwich,Fastfood,60,2,120,Online,Mrs.,Afternoon,Thursday,0
951,2022-11-11,Panipuri,Fastfood,20,11,220,Cash,Mrs.,Afternoon,Friday,0
553,2022-11-11,Panipuri,Fastfood,20,14,280,Cash,Mr.,Evening,Friday,0
918,2022-11-12,Panipuri,Fastfood,20,6,120,Cash,Mr.,Evening,Saturday,1
761,2022-11-12,Sandwich,Fastfood,60,3,180,Unknown,Mrs.,Midnight,Saturday,1
418,2022-11-12,Cold coffee,Beverages,40,7,280,Online,Mr.,Night,Saturday,1
243,2022-11-12,Panipuri,Fastfood,20,5,100,Cash,Mrs.,Midnight,Saturday,1
83,2022-11-13,Frankie,Fastfood,50,11,550,Unknown,Mr.,Evening,Sunday,1
41,2022-11-13,Cold coffee,Beverages,40,11,440,Unknown,Mr.,Afternoon,Sunday,1
760,2022-11-14,Sugarcane juice,Beverages,25,1,25,Online,Mrs.,Evening,Monday,0
6,2022-11-14,Vadapav,Fastfood,20,10,200,Cash,Mr.,Evening,Monday,0
250,2022-11-15,Sugarcane juice,Beverages,25,6,150,Online,Mrs.,Midnight,Tuesday,0
550,2022-11-15,Cold coffee,Beverages,40,15,600,Online,Mr.,Afternoon,Tuesday,0
700,2022-11-15,Frankie,Fastfood,50,6,300,Cash,Mrs.,Evening,Tuesday,0
246,2022-11-16,Vadapav,Fastfood,20,10,200,Cash,Mr.,Afternoon,Wednesday,0
110,2022-11-16,Panipuri,Fastfood,20,2,40,Online,Mrs.,Morning,Wednesday,0
916,2022-11-17,Cold coffee,Beverages,40,15,600,Unknown,Mrs.,Afternoon,Thursday,0
375,2022-11-17,Panipuri,Fastfood,20,13,260,Cash,Mr.,Evening,Thursday,0
227,2022-11-17,Cold coffee,Beverages,40,5,200,Cash,Mrs.,Afternoon,Thursday,0
144,2022-11-17,Panipuri,Fastfood,20,10,200,Cash,Mrs.,Evening,Thursday,0
742,2022-11-18,Panipuri,Fastfood,20,14,280,Online,Mr.,Night,Friday,0
259,2022-11-18,Sandwich,Fastfood,60,4,240,Online,Mr.,Morning,Friday,0
81,2022-11-19,Frankie,Fastfood,50,12,600,Online,Mrs.,Night,Saturday,1
372,2022-11-19,Frankie,Fastfood,50,12,600,Unknown,Mr.,Morning,Saturday,1
3,2022-11-20,Vadapav,Fastfood,20,1,20,Cash,Mr.,Afternoon,Sunday,1
411,2022-11-20,Panipuri,Fastfood,20,12,240,Cash,Mr.,Afternoon,Sunday,1
460,2022-11-20,Aalopuri,Fastfood,20,2,40,Cash,Mr.,Morning,Sunday,1
970,2022-11-21,Aalopuri,Fastfood,20,5,100,Online,Mrs.,Afternoon,Monday,0
244,2022-11-22,Sandwich,Fastfood,60,10,600,Online,Mrs.,Midnight,Tuesday,0
858,2022-11-22,Cold coffee,Beverages,40,9,360,Cash,Mr.,Evening,Tuesday,0
56,2022-11-23,Panipuri,Fastfood,20,11,220,Cash,Mrs.,Midnight,Wednesday,0
386,2022-11-23,Frankie,Fastfood,50,5,250,Online,Mr.,Midnight,Wednesday,0
410,2022-11-23,Aalopuri,Fastfood,20,15,300,Online,Mr.,Afternoon,Wednesday,0
902,2022-11-23,Frankie,Fastfood,50,4,200,Online,Mr.,Afternoon,Wednesday,0
672,2022-11-24,Cold coffee,Beverages,40,3,120,Unknown,Mrs.,Evening,Thursday,0
990,2022-11-24,Vadapav,Fastfood,20,10,200,Online,Mrs.,Morning,Thursday,0
729,2022-11-24,Sandwich,Fastfood,60,7,420,Cash,Mr.,Night,Thursday,0
686,2022-11-25,Cold coffee,Beverages,40,5,200,Cash,Mr.,Afternoon,Friday,0
14,2022-11-25,Frankie,Fastfood,50,4,200,Online,Mr.,Morning,Friday,0
519,2022-11-25,Cold coffee,Beverages,40,10,400,Cash,Mr.,Morning,Friday,0
698,2022-11-26,Panipuri,Fastfood,20,10,200,Online,Mr.,Night,Saturday,1
404,2022-11-26,Frankie,Fastfood,50,7,350,Cash,Mrs.,Midnight,Saturday,1
797,2022-11-26,Cold coffee,Beverages,40,11,440,Cash,Mr.,Night,Saturday,1
780,2022-11-27,Sugarcane juice,Beverages,25,13,325,Online,Mrs.,Afternoon,Sunday,1
930,2022-11-27,Sugarcane juice,Beverages,25,10,250,Online,Mr.,Night,Sunday,1
571,2022-11-28,Sugarcane juice,Beverages,25,1,25,Cash,Mrs.,Evening,Monday,0
959,2022-11-28,Vadapav,Fastfood,20,8,160,Online,Mrs.,Midnight,Monday,0
830,2022-11-28,Cold coffee,Beverages,40,9,360,Unknown,Mr.,Night,Monday,0
289,2022-11-28,Aalopuri,Fastfood,20,7,140,Online,Mrs.,Midnight,Monday,0
440,2022-11-28,Aalopuri,Fastfood,20,7,140,Cash,Mr.,Afternoon,Monday,0
656,2022-11-28,Sandwich,Fastfood,60,6,360,Online,Mrs.,Midnight,Monday,0
693,2022-11-29,Sugarcane juice,Beverages,25,13,325,Online,Mrs.,Midnight,Tuesday,0
327,2022-11-29,Frankie,Fastfood,50,15,750,Cash,Mrs.,Midnight,Tuesday,0
235,2022-11-29,Sandwich,Fastfood,60,10,600,Cash,Mrs.,Afternoon,Tuesday,0
597,2022-11-30,Panipuri,Fastfood,20,10,200,Online,Mr.,Midnight,Wednesday,0
366,2022-11-30,Sugarcane juice,Beverages,25,10,250,Online,Mrs.,Afternoon,Wednesday,0
11,2022-12-01,Frankie,Fastfood,50,8,400,Online,Mrs.,Afternoon,Thursday,0
180,2022-12-01,Vadapav,Fastfood,20,6,120,Online,Mrs.,Afternoon,Thursday,0
63,2022-12-01,Sandwich,Fastfood,60,7,420,Online,Mrs.,Morning,Thursday,0
927,2022-12-02,Cold coffee,Beverages,40,6,240,Unknown,Mrs.,Evening,Friday,0
826,2022-12-02,Sandwich,Fastfood,60,15,900,Cash,Mrs.,Night,Friday,0
713,2022-12-02,Sugarcane juice,Beverages,25,14,350,Online,Mrs.,Morning,Friday,0
214,2022-12-03,Sugarcane juice,Beverages,25,14,350,Online,Mr.,Evening,Saturday,1
716,2022-12-03,Panipuri,Fastfood,20,9,180,Cash,Mrs.,Midnight,Saturday,1
127,2022-12-03,Aalopuri,Fastfood,20,1,20,Unknown,Mrs.,Morning,Saturday,1
376,2022-12-04,Frankie,Fastfood,50,15,750,Cash,Mr.,Midnight,Sunday,1
209,2022-12-04,Aalopuri,Fastfood,20,2,40,Cash,Mr.,Night,Sunday,1
592,2022-12-04,Sugarcane juice,Beverages,25,7,175,Cash,Mr.,Morning,Sunday,1
239,2022-12-04,Frankie,Fastfood,50,4,200,Online,Mr.,Evening,Sunday,1
584,2022-12-04,Cold coffee,Beverages,40,15,600,Cash,Mr.,Morning,Sunday,1
71,2022-12-05,Cold coffee,Beverages,40,6,240,Online,Mr.,Night,Monday,0
132,2022-12-05,Vadapav,Fastfood,20,4,80,Online,Mrs.,Night,Monday,0
415,2022-12-05,Vadapav,Fastfood,20,8,160,Online,Mr.,Evening,Monday,0
900,2022-12-07,Sugarcane juice,Beverages,25,9,225,Online,Mr.,Afternoon,Wednesday,0
785,2022-12-07,Aalopuri,Fastfood,20,2,40,Online,Mr.,Afternoon,Wednesday,0
871,2022-12-07,Vadapav,Fastfood,20,14,280,Unknown,Mrs.,Evening,Wednesday,0
277,2022-12-08,Cold coffee,Beverages,40,13,520,Cash,Mrs.,Midnight,Thursday,0
64,2022-12-09,Cold coffee,Beverages,40,1,40,Cash,Mr.,Morning,Friday,0
681,2022-12-09,Frankie,Fastfood,50,9,450,Online,Mrs.,Night,Friday,0
178,2022-12-09,Aalopuri,Fastfood,20,2,40,Cash,Mrs.,Morning,Friday,0
518,2022-12-09,Aalopuri,Fastfood,20,6,120,Cash,Mrs.,Morning,Friday,0
504,2022-12-09,Cold coffee,Beverages,40,8,320,Cash,Mr.,Evening,Friday,0
560,2022-12-10,Sugarcane juice,Beverages,25,1,25,Cash,Mr.,Evening,Saturday,1
508,2022-12-10,Sandwich,Fastfood,60,1,60,Cash,Mr.,Night,Saturday,1
215,2022-12-10,Sugarcane juice,Beverages,25,7,175,Unknown,Mrs.,Morning,Saturday,1
240,2022-12-11,Sandwich,Fastfood,60,10,600,Cash,Mrs.,Morning,Sunday,1
113,2022-12-12,Aalopuri,Fastfood,20,8,160,Cash,Mr.,Afternoon,Monday,0
226,2022-12-12,Aalopuri,Fastfood,20,13,260,Online,Mrs.,Afternoon,Monday,0
809,2022-12-12,Panipuri,Fastfood,20,10,200,Online,Mr.,Evening,Monday,0
405,2022-12-13,Sugarcane juice,Beverages,25,10,250,Cash,Mr.,Night,Tuesday,0
905,2022-12-13,Frankie,Fastfood,50,15,750,Cash,Mrs.,Midnight,Tuesday,0
154,2022-12-13,Vadapav,Fastfood,20,3,60,Cash,Mr.,Night,Tuesday,0
507,2022-12-14,Aalopuri,Fastfood,20,14,280,Online,Mrs.,Morning,Wednesday,0
714,2022-12-14,Sugarcane juice,Beverages,25,14,350,Cash,Mr.,Afternoon,Wednesday,0
544,2022-12-14,Sandwich,Fastfood,60,15,900,Online,Mrs.,Morning,Wednesday,0
622,2022-12-14,Panipuri,Fastfood,20,13,260,Online,Mr.,Afternoon,Wednesday,0
286,2022-12-14,Vadapav,Fastfood,20,6,120,Unknown,Mr.,Night,Wednesday,0
607,2022-12-15,Vadapav,Fastfood,20,9,180,Cash,Mrs.,Afternoon,Thursday,0
194,2022-12-15,Vadapav,Fastfood,20,4,80,Cash,Mrs.,Morning,Thursday,0
229,2022-12-15,Panipuri,Fastfood,20,7,140,Unknown,Mr.,Evening,Thursday,0
782,2022-12-16,Aalopuri,Fastfood,20,5,100,Online,Mr.,Night,Friday,0
707,2022-12-16,Panipuri,Fastfood,20,2,40,Online,Mr.,Night,Friday,0
308,2022-12-17,Sandwich,Fastfood,60,13,780,Online,Mr.,Evening,Saturday,1
68,2022-12-17,Cold coffee,Beverages,40,2,80,Unknown,Mr.,Night,Saturday,1
712,2022-12-17,Vadapav,Fastfood,20,3,60,Online,Mrs.,Midnight,Saturday,1
924,2022-12-17,Panipuri,Fastfood,20,14,280,Cash,Mr.,Afternoon,Saturday,1
687,2022-12-18,Vadapav,Fastfood,20,10,200,Cash,Mrs.,Midnight,Sunday,1
614,2022-12-19,Vadapav,Fastfood,20,2,40,Unknown,Mr.,Morning,Monday,0
133,2022-12-20,Aalopuri,Fastfood,20,5,100,Online,Mr.,Midnight,Tuesday,0
251,2022-12-21,Cold coffee,Beverages,40,13,520,Unknown,Mrs.,Afternoon,Wednesday,0
21,2022-12-21,Cold coffee,Beverages,40,15,600,Cash,Mr.,Evening,Wednesday,0
318,2022-12-21,Aalopuri,Fastfood,20,10,200,Online,Mrs.,Midnight,Wednesday,0
13,2022-12-22,Panipuri,Fastfood,20,9,180,Online,Mrs.,Afternoon,Thursday,0
8,2022-12-22,Panipuri,Fastfood,20,14,280,Online,Mr.,Night,Thursday,0
269,2022-12-22,Panipuri,Fastfood,20,2,40,Unknown,Mrs.,Midnight,Thursday,0
389,2022-12-22,Sandwich,Fastfood,60,12,720,Cash,Mrs.,Evening,Thursday,0
242,2022-12-23,Cold coffee,Beverages,40,4,160,Online,Mrs.,Midnight,Friday,0
89,2022-12-23,Aalopuri,Fastfood,20,14,280,Cash,Mr.,Evening,Friday,0
218,2022-12-23,Cold coffee,Beverages,40,13,520,Online,Mrs.,Midnight,Friday,0
901,2022-12-24,Vadapav,Fastfood,20,7,140,Online,Mrs.,Morning,Saturday,1
428,2022-12-24,Sugarcane juice,Beverages,25,8,200,Online,Mr.,Afternoon,Saturday,1
575,2022-12-24,Vadapav,Fastfood,20,1,20,Online,Mrs.,Midnight,Saturday,1
98,2022-12-24,Vadapav,Fastfood,20,1,20,Online,Mr.,Morning,Saturday,1
600,2022-12-24,Panipuri,Fastfood,20,6,120,Cash,Mrs.,Morning,Saturday,1
452,2022-12-25,Frankie,Fastfood,50,5,250,Online,Mr.,Afternoon,Sunday,1
200,2022-12-25,Cold coffee,Beverages,40,10,400,Cash,Mrs.,Morning,Sunday,1
757,2022-12-25,Sugarcane juice,Beverages,25,11,275,Online,Mr.,Morning,Sunday,1
759,2022-12-25,Sugarcane juice,Beverages,25,13,325,Online,Mr.,Midnight,Sunday,1
61,2022-12-25,Vadapav,Fastfood,20,14,280,Cash,Mrs.,Afternoon,Sunday,1
506,2022-12-26,Cold coffee,Beverages,40,12,480,Cash,Mrs.,Midnight,Monday,0
490,2022-12-26,Cold coffee,Beverages,40,8,320,Cash,Mr.,Morning,Monday,0
478,2022-12-27,Sugarcane juice,Beverages,25,9,225,Cash,Mrs.,Afternoon,Tuesday,0
810,2022-12-27,Vadapav,Fastfood,20,3,60,Online,Mr.,Morning,Tuesday,0
891,2022-12-27,Cold coffee,Beverages,40,11,440,Cash,Mr.,Midnight,Tuesday,0
54,2022-12-28,Panipuri,Fastfood,20,14,280,Online,Mrs.,Morning,Wednesday,0
718,2022-12-28,Aalopuri,Fastfood,20,2,40,Online,Mr.,Afternoon,Wednesday,0
312,2022-12-28,Cold coffee,Beverages,40,1,40,Cash,Mrs.,Night,Wednesday,0
188,2022-12-28,Panipuri,Fastfood,20,14,280,Cash,Mrs.,Night,Wednesday,0
130,2022-12-28,Sugarcane juice,Beverages,25,7,175,Cash,Mr.,Night,Wednesday,0
323,2022-12-29,Aalopuri,Fastfood,20,4,80,Cash,Mr.,Morning,Thursday,0
522,2022-12-29,Panipuri,Fastfood,20,13,260,Cash,Mrs.,Midnight,Thursday,0
754,2022-12-29,Sugarcane juice,Beverages,25,14,350,Cash,Mrs.,Evening,Thursday,0
568,2022-12-29,Panipuri,Fastfood,20,12,240,Unknown,Mrs.,Afternoon,Thursday,0
362,2022-12-30,Sugarcane juice,Beverages,25,2,50,Cash,Mr.,Morning,Friday,0
142,2022-12-30,Sugarcane juice,Beverages,25,12,300,Cash,Mrs.,Morning,Friday,0
456,2022-12-31,Cold coffee,Beverages,40,13,520,Unknown,Mrs.,Night,Saturday,1
903,2023-01-01,Aalopuri,Fastfood,20,15,300,Online,Mr.,Night,Sunday,1
545,2023-01-01,Sandwich,Fastfood,60,13,780,Online,Mrs.,Midnight,Sunday,1
210,2023-01-02,Sugarcane juice,Beverages,25,15,375,Unknown,Mr.,Night,Monday,0
569,2023-01-02,Cold coffee,Beverages,40,15,600,Online,Mrs.,Midnight,Monday,0
407,2023-01-02,Sugarcane juice,Beverages,25,2,50,Cash,Mr.,Evening,Monday,0
755,2023-01-02,Aalopuri,Fastfood,20,12,240,Cash,Mrs.,Night,Monday,0
895,2023-01-03,Sugarcane juice,Beverages,25,11,275,Cash,Mr.,Afternoon,Tuesday,0
184,2023-01-03,Cold coffee,Beverages,40,8,320,Cash,Mr.,Night,Tuesday,0
988,2023-01-03,Frankie,Fastfood,50,13,650,Unknown,Mrs.,Night,Tuesday,0
257,2023-01-03,Sandwich,Fastfood,60,10,600,Cash,Mrs.,Midnight,Tuesday,0
919,2023-01-03,Vadapav,Fastfood,20,8,160,Online,Mrs.,Evening,Tuesday,0
502,2023-01-04,Panipuri,Fastfood,20,13,260,Online,Mr.,Night,Wednesday,0
987,2023-01-04,Vadapav,Fastfood,20,3,60,Cash,Mrs.,Evening,Wednesday,0
640,2023-01-04,Sandwich,Fastfood,60,15,900,Online,Mr.,Night,Wednesday,0
274,2023-01-04,Sugarcane juice,Beverages,25,10,250,Online,Mr.,Night,Wednesday,0
977,2023-01-05,Aalopuri,Fastfood,20,1,20,Cash,Mr.,Evening,Thursday,0
165,2023-01-05,Sandwich,Fastfood,60,11,660,Cash,Mr.,Midnight,Thursday,0
37,2023-01-05,Frankie,Fastfood,50,10,500,Cash,Mr.,Night,Thursday,0
198,2023-01-05,Frankie,Fastfood,50,15,750,Cash,Mr.,Morning,Thursday,0
436,2023-01-05,Frankie,Fastfood,50,10,500,Cash,Mr.,Midnight,Thursday,0
527,2023-01-06,Sugarcane juice,Beverages,25,6,150,Cash,Mrs.,Afternoon,Friday,0
28,2023-01-06,Cold coffee,Beverages,40,10,400,Online,Mrs.,Afternoon,Friday,0
163,2023-01-06,Frankie,Fastfood,50,6,300,Online,Mrs.,Midnight,Friday,0
827,2023-01-06,Sandwich,Fastfood,60,12,720,Cash,Mr.,Midnight,Friday,0
984,2023-01-07,Frankie,Fastfood,50,3,150,Cash,Mr.,Afternoon,Saturday,1
949,2023-01-07,Panipuri,Fastfood,20,1,20,Cash,Mrs.,Evening,Saturday,1
657,2023-01-10,Cold coffee,Beverages,40,7,280,Unknown,Mr.,Midnight,Tuesday,0
329,2023-01-10,Panipuri,Fastfood,20,7,140,Online,Mrs.,Afternoon,Tuesday,0
69,2023-01-10,Vadapav,Fastfood,20,7,140,Cash,Mr.,Midnight,Tuesday,0
795,2023-01-10,Vadapav,Fastfood,20,9,180,Cash,Mr.,Evening,Tuesday,0
261,2023-01-11,Frankie,Fastfood,50,9,450,Cash,Mrs.,Midnight,Wednesday,0
799,2023-01-11,Panipuri,Fastfood,20,1,20,Online,Mrs.,Night,Wednesday,0
816,2023-01-11,Sugarcane juice,Beverages,25,11,275,Cash,Mr.,Morning,Wednesday,0
512,2023-01-11,Panipuri,Fastfood,20,3,60,Cash,Mrs.,Afternoon,Wednesday,0
466,2023-01-11,Panipuri,Fastfood,20,6,120,Cash,Mr.,Evening,Wednesday,0
472,2023-01-11,Panipuri,Fastfood,20,10,200,Unknown,Mr.,Midnight,Wednesday,0
115,2023-01-12,Aalopuri,Fastfood,20,13,260,Unknown,Mr.,Evening,Thursday,0
768,2023-01-12,Sandwich,Fastfood,60,14,840,Cash,Mr.,Afternoon,Thursday,0
185,2023-01-13,Sugarcane juice,Beverages,25,15,375,Unknown,Mr.,Night,Friday,0
398,2023-01-13,Panipuri,Fastfood,20,6,120,Online,Mr.,Evening,Friday,0
692,2023-01-13,Frankie,Fastfood,50,14,700,Online,Mr.,Afternoon,Friday,0
747,2023-01-14,Cold coffee,Beverages,40,3,120,Cash,Mrs.,Midnight,Saturday,1
135,2023-01-14,Aalopuri,Fastfood,20,8,160,Online,Mr.,Midnight,Saturday,1
494,2023-01-14,Cold coffee,Beverages,40,10,400,Cash,Mrs.,Night,Saturday,1
975,2023-01-15,Aalopuri,Fastfood,20,1,20,Cash,Mr.,Midnight,Sunday,1
465,2023-01-15,Sugarcane juice,Beverages,25,12,300,Online,Mr.,Evening,Sunday,1
292,2023-01-16,Frankie,Fastfood,50,2,100,Cash,Mrs.,Midnight,Monday,0
354,2023-01-16,Panipuri,Fastfood,20,14,280,Online,Mr.,Midnight,Monday,0
779,2023-01-16,Sandwich,Fastfood,60,13,780,Unknown,Mr.,Night,Monday,0
417,2023-01-16,Panipuri,Fastfood,20,3,60,Cash,Mr.,Evening,Monday,0
948,2023-01-16,Sandwich,Fastfood,60,10,600,Online,Mr.,Evening,Monday,0
447,2023-01-17,Frankie,Fastfood,50,6,300,Online,Mrs.,Afternoon,Tuesday,0
343,2023-01-18,Sugarcane juice,Beverages,25,5,125,Cash,Mr.,Afternoon,Wednesday,0
991,2023-01-18,Sandwich,Fastfood,60,7,420,Cash,Mrs.,Night,Wednesday,0
824,2023-01-18,Vadapav,Fastfood,20,2,40,Online,Mrs.,Evening,Wednesday,0
161,2023-01-19,Sugarcane juice,Beverages,25,12,300,Cash,Mr.,Evening,Thursday,0
131,2023-01-19,Sandwich,Fastfood,60,8,480,Cash,Mr.,Night,Thursday,0
629,2023-01-20,Sugarcane juice,Beverages,25,9,225,Cash,Mrs.,Evening,Friday,0
594,2023-01-20,Frankie,Fastfood,50,6,300,Cash,Mrs.,Morning,Friday,0
173,2023-01-20,Cold coffee,Beverages,40,2,80,Online,Mr.,Night,Friday,0
426,2023-01-20,Frankie,Fastfood,50,14,700,Cash,Mr.,Midnight,Friday,0
933,2023-01-21,Sugarcane juice,Beverages,25,15,375,Online,Mrs.,Afternoon,Saturday,1
659,2023-01-21,Panipuri,Fastfood,20,2,40,Online,Mr.,Afternoon,Saturday,1
414,2023-01-21,Cold coffee,Beverages,40,13,520,Unknown,Mr.,Night,Saturday,1
981,2023-01-22,Panipuri,Fastfood,20,15,300,Online,Mr.,Midnight,Sunday,1
802,2023-01-23,Sandwich,Fastfood,60,7,420,Online,Mrs.,Afternoon,Monday,0
865,2023-01-23,Sugarcane juice,Beverages,25,6,150,Cash,Mrs.,Night,Monday,0
861,2023-01-24,Sugarcane juice,Beverages,25,8,200,Cash,Mrs.,Night,Tuesday,0
899,2023-01-24,Aalopuri,Fastfood,20,7,140,Cash,Mr.,Midnight,Tuesday,0
537,2023-01-25,Panipuri,Fastfood,20,3,60,Cash,Mr.,Evening,Wednesday,0
497,2023-01-25,Sandwich,Fastfood,60,7,420,Cash,Mr.,Midnight,Wednesday,0
105,2023-01-25,Panipuri,Fastfood,20,8,160,Cash,Mrs.,Evening,Wednesday,0
666,2023-01-25,Panipuri,Fastfood,20,9,180,Cash,Mr.,Evening,Wednesday,0
867,2023-01-26,Frankie,Fastfood,50,15,750,Cash,Mr.,Midnight,Thursday,0
639,2023-01-26,Vadapav,Fastfood,20,14,280,Cash,Mrs.,Morning,Thursday,0
998,2023-01-26,Sandwich,Fastfood,60,13,780,Unknown,Mr.,Evening,Thursday,0
291,2023-01-27,Frankie,Fastfood,50,8,400,Online,Mrs.,Night,Friday,0
521,2023-01-27,Panipuri,Fastfood,20,14,280,Online,Mr.,Morning,Friday,0
955,2023-01-27,Sugarcane juice,Beverages,25,7,175,Online,Mr.,Afternoon,Friday,0
301,2023-01-28,Panipuri,Fastfood,20,7,140,Cash,Mr.,Night,Saturday,1
851,2023-01-28,Aalopuri,Fastfood,20,15,300,Online,Mrs.,Night,Saturday,1
974,2023-01-28,Vadapav,Fastfood,20,13,260,Online,Mr.,Afternoon,Saturday,1
30,2023-01-28,Frankie,Fastfood,50,2,100,Cash,Mrs.,Night,Saturday,1
284,2023-01-29,Frankie,Fastfood,50,7,350,Unknown,Mr.,Afternoon,Sunday,1
420,2023-01-30,Frankie,Fastfood,50,13,650,Online,Mrs.,Evening,Monday,0
150,2023-01-30,Cold coffee,Beverages,40,14,560,Cash,Mr.,Afternoon,Monday,0
395,2023-01-31,Sandwich,Fastfood,60,3,180,Cash,Mrs.,Evening,Tuesday,0
346,2023-01-31,Cold coffee,Beverages,40,12,480,Cash,Mr.,Morning,Tuesday,0
954,2023-01-31,Aalopuri,Fastfood,20,3,60,Cash,Mrs.,Midnight,Tuesday,0
482,2023-01-31,Aalopuri,Fastfood,20,1,20,Online,Mr.,Afternoon,Tuesday,0
750,2023-02-01,Frankie,Fastfood,50,1,50,Online,Mr.,Evening,Wednesday,0
199,2023-02-01,Frankie,Fastfood,50,6,300,Online,Mrs.,Morning,Wednesday,0
626,2023-02-01,Cold coffee,Beverages,40,15,600,Cash,Mr.,Night,Wednesday,0
75,2023-02-02,Cold coffee,Beverages,40,6,240,Online,Mrs.,Afternoon,Thursday,0
476,2023-02-02,Aalopuri,Fastfood,20,10,200,Cash,Mr.,Morning,Thursday,0
15,2023-02-03,Aalopuri,Fastfood,20,3,60,Cash,Mrs.,Evening,Friday,0
733,2023-02-03,Frankie,Fastfood,50,10,500,Cash,Mr.,Evening,Friday,0
58,2023-02-03,Vadapav,Fastfood,20,6,120,Online,Mrs.,Morning,Friday,0
489,2023-02-03,Frankie,Fastfood,50,13,650,Online,Mrs.,Evening,Friday,0
644,2023-02-03,Panipuri,Fastfood,20,5,100,Online,Mrs.,Evening,Friday,0
4,2023-02-03,Sugarcane juice,Beverages,25,6,150,Online,Mr.,Night,Friday,0
841,2023-02-03,Vadapav,Fastfood,20,9,180,Cash,Mr.,Night,Friday,0
34,2023-02-04,Frankie,Fastfood,50,12,600,Online,Mrs.,Evening,Saturday,1
77,2023-02-04,Sugarcane juice,Beverages,25,12,300,Cash,Mrs.,Midnight,Saturday,1
275,2023-02-04,Vadapav,Fastfood,20,15,300,Online,Mr.,Night,Saturday,1
33,2023-02-05,Aalopuri,Fastfood,20,13,260,Online,Mr.,Night,Sunday,1
663,2023-02-05,Sugarcane juice,Beverages,25,1,25,Online,Mr.,Night,Sunday,1
706,2023-02-05,Frankie,Fastfood,50,8,400,Online,Mr.,Night,Sunday,1
268,2023-02-05,Cold coffee,Beverages,40,12,480,Cash,Mrs.,Midnight,Sunday,1
193,2023-02-05,Cold coffee,Beverages,40,15,600,Online,Mrs.,Midnight,Sunday,1
533,2023-02-05,Frankie,Fastfood,50,2,100,Unknown,Mrs.,Night,Sunday,1
40,2023-02-05,Sandwich,Fastfood,60,5,300,Online,Mrs.,Night,Sunday,1
635,2023-02-06,Vadapav,Fastfood,20,15,300,Online,Mrs.,Night,Monday,0
612,2023-02-06,Aalopuri,Fastfood,20,3,60,Online,Mr.,Midnight,Monday,0
296,2023-02-06,Panipuri,Fastfood,20,7,140,Cash,Mrs.,Afternoon,Monday,0
940,2023-02-07,Sugarcane juice,Beverages,25,14,350,Online,Mrs.,Midnight,Tuesday,0
107,2023-02-07,Sandwich,Fastfood,60,4,240,Online,Mr.,Afternoon,Tuesday,0
776,2023-02-07,Frankie,Fastfood,50,10,500,Cash,Mr.,Midnight,Tuesday,0
609,2023-02-07,Aalopuri,Fastfood,20,14,280,Unknown,Mr.,Midnight,Tuesday,0
155,2023-02-07,Sugarcane juice,Beverages,25,10,250,Cash,Mrs.,Evening,Tuesday,0
321,2023-02-08,Frankie,Fastfood,50,12,600,Cash,Mrs.,Evening,Wednesday,0
957,2023-02-08,Panipuri,Fastfood,20,3,60,Online,Mrs.,Midnight,Wednesday,0
189,2023-02-08,Vadapav,Fastfood,20,12,240,Online,Mr.,Afternoon,Wednesday,0
641,2023-02-09,Vadapav,Fastfood,20,15,300,Cash,Mr.,Afternoon,Thursday,0
941,2023-02-10,Cold coffee,Beverages,40,10,400,Online,Mrs.,Morning,Friday,0
29,2023-02-10,Sugarcane juice,Beverages,25,9,225,Online,Mr.,Afternoon,Friday,0
24,2023-02-11,Sugarcane juice,Beverages,25,10,250,Online,Mr.,Afternoon,Saturday,1
505,2023-02-12,Frankie,Fastfood,50,4,200,Cash,Mr.,Night,Sunday,1
471,2023-02-13,Panipuri,Fastfood,20,7,140,Cash,Mrs.,Afternoon,Monday,0
621,2023-02-13,Aalopuri,Fastfood,20,2,40,Online,Mrs.,Evening,Monday,0
823,2023-02-13,Panipuri,Fastfood,20,11,220,Online,Mr.,Midnight,Monday,0
170,2023-02-13,Aalopuri,Fastfood,20,6,120,Unknown,Mrs.,Afternoon,Monday,0
307,2023-02-13,Vadapav,Fastfood,20,8,160,Cash,Mr.,Evening,Monday,0
479,2023-02-13,Sandwich,Fastfood,60,11,660,Cash,Mrs.,Afternoon,Monday,0
477,2023-02-13,Sandwich,Fastfood,60,15,900,Cash,Mrs.,Midnight,Monday,0
764,2023-02-14,Sandwich,Fastfood,60,7,420,Cash,Mrs.,Night,Tuesday,0
486,2023-02-14,Vadapav,Fastfood,20,6,120,Cash,Mrs.,Midnight,Tuesday,0
913,2023-02-15,Frankie,Fastfood,50,15,750,Online,Mr.,Evening,Wednesday,0
379,2023-02-15,Cold coffee,Beverages,40,14,560,Unknown,Mr.,Afternoon,Wednesday,0
662,2023-02-15,Panipuri,Fastfood,20,3,60,Online,Mrs.,Afternoon,Wednesday,0
723,2023-02-16,Cold coffee,Beverages,40,10,400,Online,Mr.,Evening,Thursday,0
339,2023-02-16,Sugarcane juice,Beverages,25,1,25,Unknown,Mrs.,Midnight,Thursday,0
593,2023-02-16,Sugarcane juice,Beverages,25,9,225,Cash,Mrs.,Evening,Thursday,0
332,2023-02-17,Aalopuri,Fastfood,20,2,40,Unknown,Mrs.,Afternoon,Friday,0
935,2023-02-17,Sandwich,Fastfood,60,12,720,Cash,Mr.,Midnight,Friday,0
853,2023-02-17,Cold coffee,Beverages,40,3,120,Online,Mrs.,Midnight,Friday,0
840,2023-02-18,Cold coffee,Beverages,40,15,600,Unknown,Mrs.,Midnight,Saturday,1
939,2023-02-19,Vadapav,Fastfood,20,15,300,Online,Mr.,Midnight,Sunday,1
315,2023-02-20,Cold coffee,Beverages,40,13,520,Online,Mrs.,Afternoon,Monday,0
207,2023-02-20,Cold coffee,Beverages,40,8,320,Online,Mrs.,Evening,Monday,0
946,2023-02-21,Sandwich,Fastfood,60,8,480,Cash,Mr.,Midnight,Tuesday,0
909,2023-02-21,Cold coffee,Beverages,40,12,480,Online,Mrs.,Morning,Tuesday,0
595,2023-02-22,Frankie,Fastfood,50,9,450,Online,Mr.,Afternoon,Wednesday,0
770,2023-02-22,Aalopuri,Fastfood,20,8,160,Cash,Mrs.,Morning,Wednesday,0
709,2023-02-22,Cold coffee,Beverages,40,6,240,Cash,Mr.,Morning,Wednesday,0
167,2023-02-23,Cold coffee,Beverages,40,6,240,Cash,Mrs.,Morning,Thursday,0
48,2023-02-23,Sandwich,Fastfood,60,14,840,Online,Mr.,Afternoon,Thursday,0
696,2023-02-23,Sugarcane juice,Beverages,25,3,75,Online,Mrs.,Evening,Thursday,0
157,2023-02-24,Frankie,Fastfood,50,7,350,Online,Mrs.,Midnight,Friday,0
820,2023-02-24,Aalopuri,Fastfood,20,3,60,Unknown,Mr.,Midnight,Friday,0
112,2023-02-24,Sandwich,Fastfood,60,7,420,Cash,Mr.,Morning,Friday,0
475,2023-02-24,Cold coffee,Beverages,40,6,240,Cash,Mrs.,Night,Friday,0
106,2023-02-25,Frankie,Fastfood,50,9,450,Cash,Mrs.,Evening,Saturday,1
792,2023-02-25,Vadapav,Fastfood,20,2,40,Cash,Mrs.,Morning,Saturday,1
485,2023-02-26,Aalopuri,Fastfood,20,6,120,Cash,Mrs.,Midnight,Sunday,1
381,2023-02-26,Vadapav,Fastfood,20,1,20,Online,Mr.,Morning,Sunday,1
767,2023-02-26,Frankie,Fastfood,50,8,400,Cash,Mrs.,Afternoon,Sunday,1
139,2023-02-26,Frankie,Fastfood,50,11,550,Online,Mrs.,Night,Sunday,1
314,2023-02-27,Frankie,Fastfood,50,8,400,Online,Mrs.,Morning,Monday,0
926,2023-02-27,Frankie,Fastfood,50,15,750,Cash,Mrs.,Afternoon,Monday,0
556,2023-02-27,Vadapav,Fastfood,20,9,180,Cash,Mrs.,Night,Monday,0
608,2023-02-28,Aalopuri,Fastfood,20,1,20,Online,Mr.,Midnight,Tuesday,0
818,2023-02-28,Frankie,Fastfood,50,6,300,Cash,Mr.,Night,Tuesday,0
536,2023-03-01,Sugarcane juice,Beverages,25,7,175,Cash,Mrs.,Evening,Wednesday,0
884,2023-03-01,Vadapav,Fastfood,20,12,240,Online,Mr.,Night,Wednesday,0
738,2023-03-01,Sandwich,Fastfood,60,4,240,Online,Mrs.,Morning,Wednesday,0
914,2023-03-01,Sandwich,Fastfood,60,14,840,Cash,Mr.,Night,Wednesday,0
455,2023-03-01,Cold coffee,Beverages,40,11,440,Cash,Mr.,Midnight,Wednesday,0
325,2023-03-02,Aalopuri,Fastfood,20,12,240,Unknown,Mrs.,Afternoon,Thursday,0
811,2023-03-02,Aalopuri,Fastfood,20,13,260,Cash,Mr.,Afternoon,Thursday,0
171,2023-03-02,Vadapav,Fastfood,20,11,220,Cash,Mrs.,Midnight,Thursday,0
898,2023-03-02,Frankie,Fastfood,50,8,400,Cash,Mr.,Afternoon,Thursday,0
84,2023-03-03,Panipuri,Fastfood,20,13,260,Cash,Mr.,Midnight,Friday,0
890,2023-03-03,Sugarcane juice,Beverages,25,5,125,Cash,Mrs.,Morning,Friday,0
179,2023-03-03,Sugarcane juice,Beverages,25,5,125,Unknown,Mrs.,Midnight,Friday,0
306,2023-03-03,Cold coffee,Beverages,40,8,320,Online,Mrs.,Morning,Friday,0
654,2023-03-04,Vadapav,Fastfood,20,9,180,Cash,Mrs.,Morning,Saturday,1
400,2023-03-04,Cold coffee,Beverages,40,15,600,Cash,Mrs.,Morning,Saturday,1
262,2023-03-05,Vadapav,Fastfood,20,5,100,Unknown,Mrs.,Evening,Sunday,1
585,2023-03-05,Vadapav,Fastfood,20,11,220,Cash,Mrs.,Morning,Sunday,1
267,2023-03-05,Vadapav,Fastfood,20,1,20,Cash,Mr.,Morning,Sunday,1
305,2023-03-05,Panipuri,Fastfood,20,4,80,Unknown,Mrs.,Morning,Sunday,1
908,2023-03-06,Sandwich,Fastfood,60,7,420,Cash,Mrs.,Night,Monday,0
454,2023-03-07,Sandwich,Fastfood,60,1,60,Online,Mrs.,Evening,Tuesday,0
216,2023-03-07,Panipuri,Fastfood,20,9,180,Cash,Mrs.,Afternoon,Tuesday,0
38,2023-03-08,Panipuri,Fastfood,20,12,240,Online,Mrs.,Night,Wednesday,0
624,2023-03-08,Sandwich,Fastfood,60,9,540,Cash,Mrs.,Morning,Wednesday,0
554,2023-03-09,Panipuri,Fastfood,20,4,80,Cash,Mrs.,Afternoon,Thursday,0
731,2023-03-09,Frankie,Fastfood,50,10,500,Cash,Mrs.,Afternoon,Thursday,0
412,2023-03-09,Sugarcane juice,Beverages,25,14,350,Unknown,Mr.,Afternoon,Thursday,0
117,2023-03-09,Frankie,Fastfood,50,7,350,Online,Mrs.,Evening,Thursday,0
72,2023-03-09,Frankie,Fastfood,50,13,650,Online,Mr.,Afternoon,Thursday,0
86,2023-03-09,Aalopuri,Fastfood,20,15,300,Cash,Mr.,Morning,Thursday,0
317,2023-03-10,Aalopuri,Fastfood,20,12,240,Online,Mrs.,Afternoon,Friday,0
862,2023-03-10,Frankie,Fastfood,50,7,350,Online,Mr.,Night,Friday,0
972,2023-03-11,Aalopuri,Fastfood,20,1,20,Cash,Mrs.,Afternoon,Saturday,1
342,2023-03-11,Vadapav,Fastfood,20,7,140,Online,Mr.,Afternoon,Saturday,1
904,2023-03-12,Aalopuri,Fastfood,20,4,80,Cash,Mrs.,Midnight,Sunday,1
786,2023-03-13,Sandwich,Fastfood,60,14,840,Online,Mrs.,Night,Monday,0
102,2023-03-13,Cold coffee,Beverages,40,14,560,Cash,Mr.,Morning,Monday,0
961,2023-03-14,Frankie,Fastfood,50,13,650,Cash,Mr.,Night,Tuesday,0
103,2023-03-14,Cold coffee,Beverages,40,8,320,Online,Mrs.,Midnight,Tuesday,0
708,2023-03-15,Sandwich,Fastfood,60,5,300,Cash,Mrs.,Midnight,Wednesday,0
451,2023-03-15,Sugarcane juice,Beverages,25,10,250,Cash,Mrs.,Midnight,Wednesday,0
710,2023-03-15,Sandwich,Fastfood,60,15,900,Unknown,Mr.,Night,Wednesday,0
186,2023-03-15,Frankie,Fastfood,50,2,100,Online,Mr.,Afternoon,Wednesday,0
774,2023-03-15,Vadapav,Fastfood,20,1,20,Online,Mrs.,Night,Wednesday,0
355,2023-03-15,Cold coffee,Beverages,40,4,160,Online,Mr.,Midnight,Wednesday,0
431,2023-03-16,Panipuri,Fastfood,20,6,120,Online,Mr.,Evening,Thursday,0
225,2023-03-16,Frankie,Fastfood,50,11,550,Cash,Mrs.,Evening,Thursday,0
52,2023-03-16,Sugarcane juice,Beverages,25,12,300,Cash,Mrs.,Midnight,Thursday,0
256,2023-03-16,Aalopuri,Fastfood,20,3,60,Online,Mrs.,Midnight,Thursday,0
983,2023-03-17,Cold coffee,Beverages,40,10,400,Unknown,Mrs.,Night,Friday,0
387,2023-03-17,Sugarcane juice,Beverages,25,14,350,Cash,Mrs.,Midnight,Friday,0
320,2023-03-18,Sugarcane juice,Beverages,25,7,175,Cash,Mrs.,Afternoon,Saturday,1
669,2023-03-18,Sandwich,Fastfood,60,11,660,Online,Mr.,Evening,Saturday,1
996,2023-03-19,Frankie,Fastfood,50,10,500,Unknown,Mrs.,Evening,Sunday,1
894,2023-03-19,Sandwich,Fastfood,60,15,900,Cash,Mr.,Morning,Sunday,1
148,2023-03-19,Sandwich,Fastfood,60,13,780,Online,Mr.,Evening,Sunday,1
341,2023-03-19,Frankie,Fastfood,50,9,450,Cash,Mrs.,Evening,Sunday,1
402,2023-03-19,Frankie,Fastfood,50,7,350,Cash,Mr.,Night,Sunday,1
966,2023-03-19,Panipuri,Fastfood,20,11,220,Online,Mrs.,Morning,Sunday,1
137,2023-03-19,Sugarcane juice,Beverages,25,6,150,Unknown,Mr.,Afternoon,Sunday,1
772,2023-03-20,Cold coffee,Beverages,40,9,360,Cash,Mr.,Evening,Monday,0
484,2023-03-21,Cold coffee,Beverages,40,5,200,Cash,Mrs.,Afternoon,Tuesday,0
302,2023-03-21,Aalopuri,Fastfood,20,14,280,Cash,Mr.,Night,Tuesday,0
91,2023-03-22,Cold coffee,Beverages,40,6,240,Unknown,Mrs.,Evening,Wednesday,0
224,2023-03-23,Sugarcane juice,Beverages,25,14,350,Cash,Mr.,Afternoon,Thursday,0
576,2023-03-23,Panipuri,Fastfood,20,12,240,Cash,Mrs.,Afternoon,Thursday,0
217,2023-03-23,Cold coffee,Beverages,40,10,400,Cash,Mr.,Morning,Thursday,0
421,2023-03-24,Cold coffee,Beverages,40,2,80,Online,Mr.,Midnight,Friday,0
702,2023-03-25,Cold coffee,Beverages,40,13,520,Cash,Mrs.,Afternoon,Saturday,1
787,2023-03-25,Aalopuri,Fastfood,20,2,40,Cash,Mrs.,Afternoon,Saturday,1
156,2023-03-25,Panipuri,Fastfood,20,14,280,Cash,Mr.,Midnight,Saturday,1
252,2023-03-26,Vadapav,Fastfood,20,8,160,Online,Mr.,Midnight,Sunday,1
221,2023-03-26,Sandwich,Fastfood,60,1,60,Online,Mr.,Evening,Sunday,1
101,2023-03-26,Vadapav,Fastfood,20,3,60,Online,Mrs.,Morning,Sunday,1
775,2023-03-27,Sandwich,Fastfood,60,6,360,Cash,Mr.,Night,Monday,0
432,2023-03-27,Panipuri,Fastfood,20,6,120,Online,Mr.,Afternoon,Monday,0
532,2023-03-27,Panipuri,Fastfood,20,13,260,Online,Mrs.,Midnight,Monday,0
590,2023-03-27,Panipuri,Fastfood,20,15,300,Online,Mr.,Midnight,Monday,0
97,2023-03-29,Cold coffee,Beverages,40,13,520,Online,Mr.,Evening,Wednesday,0
548,2023-03-29,Cold coffee,Beverages,40,14,560,Cash,Mr.,Afternoon,Wednesday,0
982,2023-03-30,Sugarcane juice,Beverages,25,14,350,Cash,Mrs.,Night,Thursday,0
